INSTR_ID,INSTR_NAME
1,Mary Ann Murphy
2,Barry Griner
3,Kimberley Briesch Sumner
4,Olivia Martinez
5,Nina Kang
6,Richard Jones
7,Tracy Levin
8,Anastassia Tzoytzoyrakos
9,Eric Roth
10,Reka Clausen
11,Lucienne Aarsen
12,James Polk
13,Juan De Lara
14,Arabella Delgado
15,Kathy Pulupa
16,Christopher Chien
17,Alicia Chavez
18,Nicole Richards
19,Viet Nguyen
20,Ann Tran
21,Dillon S.
22,Jason Vu
23,Karlynne Aila Ejercito
24,Chris Finley
25,Joshua Mitchell
26,Rocio Leon
27,Rick Berg
28,Chrisshonna Nieva
29,Oneka LaBennett
30,Jackie Wang
31,Aurelien Davennes
32,Megan Awwad
33,Jaden Morales
34,Kara Keeling
35,Sabina Hills-Villalobos
36,Rojeen Harsini
37,Neuds Saint-Cyr
38,Thomas Gustafson
39,David Roman
40,Evelyn Alsultany
41,Zaina Ujayli
42,Edwin Hill
43,Shawn McDaniel
44,Stanley Huey
45,George Sanchez
46,Nayan Shah
47,Alisa Sanchez
48,Adrian De Leon
49,John Rowe
50,Lanita Jacobs
51,Leland Saito
52,Sarah M.A. Gualtieri
53,Tracie Mayfield
54,Tok Thompson
55,Sandy Wenger
56,El Whittingham
57,Jennifer Cool
58,Eric Heller
59,Charles Russell-Schlesinger
60,Janet Hoskins
61,Erin Moore
62,Xochitl Ruiz
63,Kristiana Willsey
64,Emily Zeamer
65,Thomas Ward
66,Fiori Berhane
67,Jenny Chio
68,Peter Redfield
69,Nancy Lutkehaus
70,Andrea Ballestero
71,Dorinne Kondo
72,Lynn Dodd
73,Bernadeth Tolentino
74,Brady Ryan
75,Suzanne Wali
76,Monica Bravo
77,Wenxian Zhang
78,Elissa Watters
79,Samantha Burton
80,Courtney Carter
81,Kathryn Griffith
82,Yoonah Hwang
83,Joomi Lee
84,Anna Flinchbaugh
85,Daniela Bleichmar
86,Audrey Storm
87,Hector Reyes
88,John Pollini
89,Olivia Armandroff
90,Siyu Shen
91,Mark Grimes
92,Suzanne Hudson
93,Lisa Pon
94,Susanna Berger
95,Kate Flint
96,Kris Pardo
97,Edward Rhodes
98,Joseph Vandiver
99,Vahe Peroomian
100,Elena Pierpaoli
101,Dale Kiefer
102,Jake Park
103,Trond Sigurdsen
104,Aeriel Vanluesauls
105,Anik Mitra
106,Christa Bancroft
107,Matthew Michael
108,Nadejda Butova
109,Oanh Huynh
110,Grayson Jaggers
111,Austin Youssef
112,Niousha Aramimehr
113,Raffaella Ghittoni
114,Jiawei Huang
115,Amirhossein Rahimdel
116,Sanjana Rajeev
117,Nancy Castro
118,Dai Zhai
119,Daniel Kohanghadosh
120,Albert Herrera
121,David McKemy
122,Alan Watts
123,Rita Barakat
124,Karam Korya
125,Mingrui Chen
126,Jacob Gurstein
127,Zhiyuan Zhao
128,Stephanie Lopez Alvarado
129,Farhan Hossain
130,Crystal Barekzai
131,Bruce Teter
132,Yilin Gao
133,Po-Hsuan Huang
134,Bradley MacKett
135,Elenita Melikterminas
136,Yutong Chen
137,Samson King
138,Phillip Maire
139,Ali Alhomaidi
140,Bruce Herring
141,Jelani Williams
142,Zachary Henning
143,Anna Pushkin
144,Shirin Birjandi
145,Daria Di Blasi
146,Andrew Do
147,Vageh Oskoeezadeh
148,Julia Schwartzman
149,Makayla Morton
150,Shihui Chen
151,Tim Kang
152,James Dines
153,Charles Toney
154,Rory Spence
155,Yousif Abu Al Soof
156,Nancy Tran
157,Ariel Cohen
158,Daniel Hicks
159,Samuel Hires
160,Peter Kuhn
161,John Tower
162,Michael Quick
163,Larry Swanson
164,Sergio Sanudo-Wilhelmy
165,Eric Webb
166,Yiming Zhao
167,Fabien Pinaud
168,Kyu Min Kim
169,John Heidelberg
170,Alexis Floback
171,Cornelius Gati
172,Lin Chen
173,Karla Heidelberg
174,Justin Gaffney
175,Rusty Lansford
176,Maeve Secor
177,Alberto Robador Ausejo
178,Kenneth Nealson
179,Andrew Gracey
180,Maddelyn Harden
181,Charles Lehnen
182,Matt Dean
183,Carolyn Phillips
184,Naomi Levine
185,Xianrui Cheng
186,Derrick Morton
187,Susan L Forsburg
188,Michael Campbell
189,Jed Fuhrman
190,Ian Ehrenreich
191,Peter Qin
192,Andrey Vilesov
193,Thomas Bertolini
194,Catherine Skibo
195,Jessica Parr
196,Rebecca Broyer
197,Kyung Jung
198,Susumu Takahashi
199,Michael Inkpen
200,Jennifer Moore
201,Alexander Benderskii
202,Surya Prakash
203,Vadim Cherezov
204,Kate White
205,Megan Fieser
206,Richard Brutchey
207,Eric McClure
208,Curt Wittig
209,Travis Williams
210,Matthew Pratt
211,Chao Zhang
212,Oleg Prezhdo
213,Charles Mc Kenna
214,Smaranda Marinescu
215,Richard Roberts
216,Sri Narayan
217,Lucas Herchenroeder
218,Faith McFadden
219,Angela Hurley
220,Daniel Richter
221,Alexis Whalen-Muse
222,Robert Drummond
223,Madeline Thayer
224,Brandon Bourgeois
225,Ann Marie Yasin
226,Claudia Moatti
227,Roberto Diaz
228,Mahmoud Hosny Roshdy
229,Nisarg Patel
230,Jason Webb
231,Lisa Kochinski
232,Corentin Colin
233,Emily Warren
234,Neetu Khanna
235,Mia Du Plessis
236,Richard Mc Laughlin
237,Margaret Rosenthal
238,Daisy Reid
239,Aniko Imre
240,Devin Griffiths
241,Julian Gutierrez-Albilla
242,Akira Mizuta Lippit
243,Anthony Kemp
244,Erin Graff Zivin
245,David Treuer
246,Veli N. Yashin
247,Vanessa Schwartz
248,Rose Bishop
249,Peter Westwick
250,Victoria Petryshyn
251,Dani Byrd
252,Haley Hsu
253,Wendy Crumrine
254,Natania Meeker
255,David Albertson
256,Paul Lerner
257,Sharon Lloyd
258,Olivia C Harrison
259,Aidan Diamond
260,Joliange Wright
261,Amy Cannon
262,Rachel Newman
263,Shaibal Dev Roy
264,Sarah Nolan
265,Krishna Narayanamurti
266,Katie Googe
267,Trisha Tucker
268,Jennifer Heine
269,Michael Petitti
270,Lindsey Skillen
271,Teddy Lance
272,Karin Huebner
273,Ronald Mendoza-De Jesus
274,Lydie Moudileno
275,Frank Luntz
276,Andrew Peek
277,Naoko Aoki
278,Tin-Yu Tseng
279,Hsiao-Yun Liao
280,Yi-Hsien Liu
281,Yu-Chi Kuo
282,Xiang Jian
283,Eunju Na
284,Bo hyun Kim
285,Maki Irie
286,Mamiko Konno
287,Yuka Kumagai
288,Masako Tamanaha
289,Christopher Magriney
290,Woojoo Kim
291,Yumi Matsumoto
292,Sunyoung Park
293,David Bialock
294,Di Wang
295,Tiara Wilson
296,Jaewuk Kim
297,Brian Bernards
298,Seoyeon Lee
299,Shanshan Li
300,Miya Elise Desjardins
301,Mengdie Zhao
302,Mengxiao Wang
303,Namkil Kim
304,Kerim Yasar
305,John Alexander
306,Christopher Hepburn
307,Youngmin Choe
308,Sonya Lee
309,Joshua Goldstein
310,Li-Ping Chen
311,Asha Rieussec
312,Hanna Ramirez
313,Joseph Collins
314,Yuanjing Xu
315,Lodovico Pizzati
316,Brijesh Pinto
317,Jaime Meza
318,Ergin Bayrak
319,Daniel Bennett
320,Yilmaz Kocer
321,Ladan Masoudie
322,Robert Dekle
323,Mark Moore
324,Manochehr Rashidian
325,Ratika Narag
326,John Strauss
327,Odilon Camara
328,Alejandro Martinez marquina
329,Matthew Hill
330,Erin Kaplan
331,Mohammad Safarzadeh
332,Fatemeh Nazarian
333,Neha Bairoliya
334,Baizhu Chen
335,Giorgio Coricelli
336,Maria Prados
337,Ed Mc Caffery
338,Joshua Aizenman
339,Caroline Betts
340,Steven Sapra
341,Simon Quach
342,Jeffrey Dubin
343,Paulina Oliva
344,Young Miller
345,Afshin Nikzad
346,Robert Metcalfe
347,Marco Angrisani
348,John Monterosso
349,John Eatwell
350,Terrie Walmsley
351,Hyungsik Roger Moon
352,Guofu Tan
353,Matthew Kahn
354,Michael Magill
355,David Zeke
356,Vittorio Bassi
357,Dong Woo Hahm
358,Nicolas Lambert
359,Geert Ridder
360,Augustin Bergeron
361,Thomas Chaney
362,Hashem Pesaran
363,Kerry Ingram
364,Charlie Napolitano
365,Catherine Pond
366,Tisha Reichle-Aguilera
367,Carrie Guss
368,Adam Gill
369,Allison Silverberg
370,Jingyuan Fu
371,Jayson Lantz
372,Jessica Somers
373,Thea Tomaini
374,Michael Benitez
375,Noraeden Mora Mendez
376,David Rollo
377,Beatrice Sanford Russell
378,Christopher Freeman
379,Steven Minas
380,Jacob Goldman
381,Matt Kessler
382,Christopher Adamson
383,Austen Rose
384,Elizabeth Johnson
385,M G Lord
386,Sara Sligar
387,Brighde Mullins
388,David Ulin
389,Ellen Wayland-Smith
390,Molly Bendall
391,Ashley Cohen
392,Andrew Chater
393,Rebecca Lemon
394,Susan Mccabe
395,Anna Journey
396,Enrique Martinez
397,Mark Irwin
398,Geoff Dyer
399,Jonathan Leal
400,Margaret Nelson
401,Hiram Sims
402,Susan Segal
403,Hilary Schor
404,Heather James
405,Ajay Batra
406,Melissa Daniels-Rauterkus
407,William Handley
408,Elda Maria Roman
409,Sarah Kessler
410,Danzy Senna
411,Alice Gambrell
412,Neelanjana Banerjee
413,Tania Modleski
414,Aimee Bender
415,Scott Applebaum
416,Victoria Campbell-Arvai
417,Monalisa Chatterjee
418,Josh West
419,Jill Sohm
420,Hanna Reed
421,David Ginsburg
422,Rodrigo Sanchez
423,James Fawcett
424,Shannon Gibson
425,Yael Wolinsky-Nahmias
426,Sean Fraga
427,Gifford Wong
428,Justin Ehresmann
429,Robert English
430,Julia Chamberlin
431,Rania Ben Amor
432,Selene Canter
433,Jennifer Misran
434,Guilan Siassi
435,Melek Chekili
436,Atiyeh Showrai
437,Jesus Garcia
438,Nathalie Burle
439,Katherine Hammitt
440,Julie Van Dam
441,Jennifer Wild
442,Beatrice Mousli
443,Perwana Nazif
444,Antonia Szabari
445,Panivong Norindr
446,Kenneth Phillips
447,Bob Girandola
448,Jonathan Kotler
449,Vanessa Osborne
450,Richard Fliegel
451,Rick Trevino
452,Heidi Houston
453,Siyuan Zhang
454,William Berelson
455,Matthew Quinan
456,James Beech
457,Cat Odendahl
458,Jessica Zaiss-Bowman
459,Rucha Wani
460,John Vidale
461,Binhao Wang
462,Zhengze Li
463,Frank Corsetti
464,Adit Ghosh
465,Charles Woolley
466,Kiersten Formoso
467,Emily Patellos
468,Amanda Godbold
469,Paul Byrne
470,Julien Emile-Geay
471,Paige Wise
472,Alex Dill
473,Jordan Landers
474,Sherry Nie
475,Kilian Ashley
476,Magdalene Smith
477,Shreya Ramesh
478,Shannon Brophy
479,Priyanka Soni
480,Dannielle Fougere
481,Emily H. G. Cooperdock
482,Naomi Rodgers
483,Sarah Feakins
484,Abra Atwood
485,David Bottjer
486,Sam Silva
487,Sylvain Barbot
488,Seth John
489,Yehuda Ben-Zion
490,Eve Lee
491,Britta Bothe
492,John Arensmeyer
493,Broderick Leaks
494,AE Stevenson
495,Hattie Schultz
496,Lucas Iberico Lozada
497,Alex Hack
498,Diana Blaine
499,Jordan Gonzales
500,Cord-Heinrich Plinke
501,Mildred Campbell Whiteley
502,Atia Sattar
503,Lauren White
504,Christina Belcher
505,Michael Messner
506,Eliz Sanasarian
507,Karen Tongson
508,Deirdre Klokow
509,Afroditi Angelopoulou
510,Leah Hochman
511,Maya Maskarinec
512,Maxwell Shiller
513,Mariechristine Garcia
514,Karin Amundsen
515,Lina Nie
516,Ketaki Pant
517,Jillaine Cook
518,Marjorie Becker
519,Deborah Harkness
520,Steve Ross
521,Daniel Wallace
522,Zagros Heivand
523,Alice Echols
524,Simon Judkins
525,Lisa Bitel
526,Lindsay O'Neill
527,Joan Piggott
528,Anne Goldgar
529,Celeste Menchaca
530,Francille Wilson
531,Lon Kurashige
532,Jay Rubenstein
533,Aro Velmet
534,Susan Kamei
535,Nathan Perl-Rosenthal
536,Laura Isabel Serna
537,Maureen McCarthy
538,Shannon Cross
539,Alexis Camacho
540,Helen (Eleni) Soultanakis
541,Lisa Le
542,Gudrun Floyd
543,Helaine Lopes
544,Joshua Carlos
545,Kurt Kwast
546,Craig Stanford
547,Casey Donovan
548,Gioia Polidori
549,Lauren Visconti
550,Lindsey Schier
551,Scott Kanoski
552,Jill L McNitt-Gray
553,Wayne Sandholtz
554,Karen Romero
555,Kayeon Roh
556,Jonathan Markowitz
557,Gaea Morales
558,Yuji Idomoto
559,Joshua Leung
560,Megan Becker
561,Bijean Ghafouri
562,Jacques Hymans
563,Chloe Bernadaux
564,Benjamin A.T. Graham
565,Ewon Baik
566,Han-Hui Hsieh
567,Gregory Treverton
568,Douglas Becker
569,Ada Li Sarain
570,Nina Rathbun
571,Iva Bozovic
572,Victoria Chonn Ching
573,Derek Grossman
574,Fayez Hammad
575,Gerardo Munck
576,Pamela Starr
577,Jeffrey Fields
578,Brian Palmer-Rubin
579,Akeya Harmon
580,Peyman Nojoumian
581,Antonio Idini
582,Francesca Leardini
583,Elizabeth Chan
584,James Fortney
585,Francesca Ricciardelli
586,Gian-Maria Annovi
587,Jason Goldman
588,David Gonzalez
589,Alexia Orengo Green
590,Sarah Ernst
591,Spenser Carroll-Johnson
592,Claire Mieher
593,Matteo Barbiero
594,Joshua Allbright
595,Stefano Rebeggiani
596,Hajime Hoji
597,Andrew Simpson
598,Sandra Disner
599,Khalil Iskarous
600,Steven Foley
601,Louis Goldstein
602,Elsi Kaiser
603,Barry Schein
604,Toby Mintz
605,Zuzanna Fuchs
606,Spencer Gerhardt
607,Danjoseph Quijada
608,Henry Tucker
609,Felicia Tabing
610,Cymra Haskell
611,Jared Warner
612,Yang Qiu
613,Guillermo Reyes Souto
614,Nathaniel Emerson
615,Michael Hall
616,Zhaoyu Zhang
617,Guillaume Dreyer
618,Anne Dranowski
619,David Crombecque
620,Paul Tokorcheck
621,Ricardo Mancera
622,Masoud Zargar
623,Sheel Ganatra
624,Takahiro Sakai
625,Christopher Kuo
626,Ramtin Sheikhhassani
627,Pranava Jayanti
628,Nicolai Haydn
629,Richard Arratia
630,Steven Heilman
631,Jason Fulman
632,Joshua Swanson
633,Mark Rychnovsky
634,Sergey Lototsky
635,Igor Kukavica
636,Trevor Leslie
637,Harold Williams
638,Greta Panova
639,Joseph Helfer
640,Susan Friedlander
641,Robert Guralnick
642,Ken Alexander
643,Eric Friedlander
644,Juhi Jang
645,Chunming Wang
646,Cris Negron
647,Jin Ma
648,Sami Assaf
649,Kyler Siegel
650,Dmitrii Ostrovskii
651,Stanislav Minsker
652,Nabil Ziane
653,Yu Deng
654,Jianfeng Zhang
655,Fedor Malikov
656,Aravind Asok
657,Steve Posner
658,Kambiz Akhavan
659,Stephanie Eggert
660,James Bottom
661,Molly Lancaster
662,Karen Ruiz
663,Steven Lamy
664,Shushan Karapetian
665,Jenifer Crawford
666,Emmy Min
667,Onursal Erol
668,Ciruce Movahedi-Lankarani
669,Ramzi Rouighi
670,Payam Piray
671,Bartlett Mel
672,Jason Zevin
673,Jeannie Chen
674,Doug Hammond
675,Sarah McGill
676,Jino De Castro
677,Kevin Robinson
678,Carl Collins
679,Arthur Chivichyan
680,George Toney
681,Steve Hsu
682,Ian Culbertson
683,Natalia Cascino
684,Sara Ivanhoe
685,Clio Manuelian
686,Martin Vitorino
687,Linda Yaron Weston
688,John Kneedler
689,Christian Straka
690,Salena Collins
691,Christina Koneazny
692,Eden Goldman
693,Isabelle Pilliere Mazumdar
694,Jennifer Guinter
695,Julia Sprague
696,Jeffrey Melnick
697,Timothy Burton
698,Laurence Mo
699,Irina Jestkova
700,Michael Munson
701,Marcos Briano
702,Andrew Stankiewicz
703,Lincoln Riley
704,Andy Enfield
705,Donnell Meekins
706,Brett Masi
707,Quincy Watts
708,Jeff Nygaard
709,Angela Munger-Rivera
710,Lindsay Gottlieb
711,Joshua Adam
712,Justin Silverstein
713,Jane Alukonis
714,Alison Swain
715,Brad Keller
716,Cole Mears
717,Lindsey Munday
718,Dain Blanton
719,Heather Bell
720,Megha Devraj
721,Jacob Ross
722,Laura Nicoara
723,Madiha Hamdi
724,Stephanie Van Fossen
725,Edwin McCann
726,Paul Garofalo
727,Irene Bosco
728,Douglas Wadle
729,Jonathan Quong
730,Nadja Winning
731,Levy Wang
732,Charlotte Figueroa
733,Andrew Bacon
734,Noah Gordon
735,Quyen Pham
736,Gabriel Uzquiano
737,Rebecca Carlson
738,Elisa Warford
739,Benjamin Andrew
740,Antonio Maria Cleani
741,Rachel Keith
742,Christa Peterson
743,Jacob Soll
744,Mathis Koschel
745,Andrew Stewart
746,Anthony Nguyen
747,Jeremy Goodman
748,Ralph Wedgwood
749,John Hawthorne
750,Yasha Sapir
751,Ayala Haddad
752,Collis Tahzib
753,John Dreher
754,Jeesoo Nam
755,Robin Jeshion
756,Mark Schroeder
757,James Van Cleve
758,Jeff Russell
759,Vitaly Kresin
760,Hamid Chabok
761,Gokhan Esirgen
762,Krzysztof Pilch
763,Stephan Haas
764,Scott Macdonald
765,Nicolas Moure
766,Christopher Gould
767,Lara Martini
768,Geraldine Peters
769,Aaron Wirthwein
770,Peter Chung
771,Marcin Abram
772,Robin Shakeshaft
773,Christoph Haselwandter
774,Peter Foster
775,Clifford Johnson
776,Rosa Di Felice
777,Aiichiro Nakano
778,Nicholas Warner
779,Daniel Lidar
780,Itzhak Bars
781,Paolo Zanardi
782,Hubert Saleur
783,Danielle Ballard
784,Dennis Chong
785,Alison Dundes Renteln
786,Dan Schrage
787,Christian Phillips
788,Allison Hartnett
789,Brian Rathbun
790,David Kang
791,Sally Pratt
792,Ellen Oliveira
793,Anthony Kammas
794,Alya Khemakhem
795,Henry Aoki
796,Jose Alcocer
797,Jeb Barnes
798,Tolulope Babalola
799,Alessandra Pacheco
800,Kayla Wolf
801,Raquel Centeno
802,Steve Swerdlow
803,Chaerim Kim
804,Therese Franklin
805,Erik Hanson
806,Darry Sragow
807,Tine Paulsen
808,Jefferey Sellers
809,Robin Romans
810,Arthur Auerbach
811,Olu Orange
812,Morris Levy
813,George Newhouse
814,Robert Shrum
815,Stanley Rosen
816,Jinhee Choung
817,Karen Figueroa-Clewett
818,Patricia George
819,Leslie Berntsen
820,Assal Habibi
821,Rand Wilcox
822,William Breland
823,David Walsh
824,Bryan Shilowich
825,Antoine Bechara
826,Morteza Dehghani
827,Vitaliya Droutman
828,Clayton Stephenson
829,Ernest Greene
830,Dave Lavond
831,Sourena Haj-Mohamadi
832,Kyoung sook Kim
833,Canan Ipek
834,Henrike Moll
835,Miranda Barone
836,Stephen Read
837,David Schwartz
838,Jasmine Tehrani
839,Bruna Martins-Klein
840,Jo Ann Farver
841,Sneha Mathur
842,Frank Manis
843,Leor Hackel
844,Laura Baker
845,Chardee Galan
846,Richard John
847,Meredith Lepley
848,Daphna Oyserman
849,Mona Farid Nejad
850,Lauren Young
851,Hok Chio (Mark) Lai
852,Michael Nguyen
853,Jason Buhle
854,Lexi Keaveney Breitz
855,Christopher Beam
856,Jonathan Tarbox
857,Megan Aclan
858,Michael Cameron
859,Catherine Neubauer
860,Jorge Barraza
861,Maura Harrington Roggero
862,Kathleen Marker
863,Steven Westberg
864,Francesca Romana Puggelli
865,Julie Lyon
866,Melissa Lopez
867,Khatera Sahibzada
868,Luke Thelen
869,Jenna Rubenstein
870,Hannah Brunet
871,Kelly Durbin
872,Santiago Morales
873,Brittany Beasley
874,Norbert Schwarz
875,Bridgid Conn
876,Darby Saxbe
877,Iony Ezawa
878,Lauren Shapiro
879,Latonya Huey
880,Remo Rohs
881,Vsevolod Katritch
882,Ho Ming Lam
883,Peter Calabrese
884,Wenxuan Zuo
885,Yingfei Wang
886,Liang Chen
887,Tianqi Tang
888,Dallace Francis
889,Dandan Peng
890,Doc Edge
891,Mark Chaisson
892,Jingwen Ren
893,Geoffrey Fudenberg
894,MeiLu McDermott
895,Adam MacLean
896,Matthew Pennell
897,Jessica (Xiaomin) Zu
898,Naseeha Hussain
899,Varun Soni
900,Meghan Tiller
901,Sarah Matthews
902,Victoria Perez
903,Arjun Nair
904,Diane Winston
905,Anthony Swieringa
906,Kelsey Moss
907,Sheila Briggs
908,Paul Lichterman
909,James Mchugh
910,Sherman Jackson
911,Cavan Concannon
912,Evgeny Dengub
913,Ekaterina Tomashevskaia
914,Elena Petrova
915,Anna Sbitneva
916,Peter Winsky
917,Elizaveta Dvortsova
918,Jack Peters
919,Andrzej Brylak
920,Alexander Zholkovsky
921,Thomas Seifrid
922,Ellina Sattarova
923,Jody Agius Vallejo
924,Shang Liu
925,Kritika Pandey
926,Juliana Mc Gene
927,Yael Findler
928,Robert Werth
929,Simon Garibyan
930,Thuan Nguyen
931,Dan Lainer-Vos
932,Ann Song
933,Deisy Del Real
934,Hailee Reichwald
935,Gianne Sheena Sabio
936,Sarandon Gilbert
937,Karen Sternheimer
938,Tim Biblarz
939,Elisabeth Shimada
940,Thai Le
941,Samantha Bernstein
942,Jennifer Hook
943,Elaine Bell Kaplan
944,Kit Myers
945,Brittany Friedman
946,Nina Eliasoph
947,Emily Smith-Greenaway
948,Jaclyn Cohen-Steinberg
949,David Zarazua
950,Carolina Castillo Larrea
951,Javier Pavez Munoz
952,Jamie Fudacz
953,Maria Mercedes Fages Agudo
954,Maura Crowley
955,Nayla Mendes Ramalho
956,John Souza
957,Lorena Gallego
958,Consuelo Siguenza-Ortiz
959,Anahit Hakoupian
960,Leah Kemp
961,Inger Flem Soto
962,Gayle Fiedler-Vierma
963,Karen Perez
964,Liana Stepanyan
965,Ivette Gomez
966,Marie Enright
967,Martin Ocon-Gamarra
968,Andrea Parra
969,Catherine Bedoya
970,Vianey Cabrera
971,Federico Correa Pose
972,Lori Mesrobian
973,Natalie Belisle
974,Marianna Chodorowska-Pilch
975,Natalia Perez
976,Samuel Steinberg
977,Sarah Portnoy
978,Leilei Duan
979,Robert Vos
980,Jeffrey Rozelle
981,Han Shen
982,Diana Ter-Ghazaryan
983,Aviva Wolf-Jacobs
984,Yi Qi
985,Shengjie Liu
986,John Wilson
987,Andrew Kampfschulte
988,Guoping Huang
989,Sisi Wang
990,Jennifer Swift
991,Xin Yu
992,Laura Loyola
993,An-Min Wu
994,Darren Ruddell
995,Elisabeth Sedano
996,Frank Chang
997,Taiyaba Husain
998,Emily Artiano
999,Maddox Pennington
1000,Christopher Muniz
1001,Daniel Pecchenino
1002,Leah Tieger
1003,Brent Chappelow
1004,Arsalan ul Haq
1005,Nicholas De Dominic
1006,Liz Blomstedt
1007,William Gorski
1008,P.T. McNiff
1009,Keasha Worthen
1010,James Ciano
1011,Zen Dochterman
1012,Sean Cosgrove
1013,Michelle Meyers
1014,Ramon Roa
1015,Michael Deagler
1016,Rochelle Gold
1017,Corinna Schroeder
1018,Patti Taylor
1019,Lilit Keshishyan
1020,Arsalan Haq
1021,Taly Matejka
1022,Rebecca Fullan
1023,Alison Minami
1024,Jianan Qian
1025,Kate Levin
1026,Pamela Albanese
1027,Michelle Rosado
1028,Shana Kraynak
1029,Jessica Cantiello
1030,Deanna Rivera
1031,James Condon
1032,Rowan Bayne
1033,Nathalie Joseph
1034,LauraAnne Carroll-Adler
1035,Sarah Orem
1036,Stephanie Mullings
1037,Colin Flynn
1038,Tanvi Patel
1039,April Davidauskis
1040,Leah Pate
1041,Rory Lukins
1042,Alison Pearl
1043,Mitchell Jacobs
1044,Wooyoung Kim
1045,Camila Reyes
1046,Ryan Boyd
1047,Brett Gordon
1048,Sarah Mesle
1049,Sandra Ross
1050,Kristie Guillen
1051,Zak Breckenridge
1052,Joshua Beckelhimer
1053,Amelia Cruz
1054,Mary Traester
1055,Amanda Bloom
1056,Daniel Dissinger
1057,Laurie Fisher
1058,Seth Fischer
1059,Jim Clements
1060,Jessi Johnson
1061,Scott Smith
1062,Amber Foster
1063,Dana Milstein
1064,Stephanie Payne
1065,Justin Bibler
1066,Indra Mukhopadhyay
1067,William Feuer
1068,Stephanie Bower
1069,Mark Marino
1070,Deborah Sims
1071,Evelyn Boria-Rivera
1072,Jennifer Bankard
1073,Matthew Manson
1074,Ryan Leack
1075,Antonio Elefano
1076,Andrew De Silva
1077,William Wyatt
1078,Norah Ashe
1079,Amy Meyerson
1080,David Tomkins
1081,Stephen Mack
1082,Amanda Hobmeier
1083,Michael Bunn
1084,Jessica Piazza
1085,Shefali Rajamannar
1086,Elizabeth Durst
1087,Carlos Antonio Delgado
1088,Robert Waller
1089,Tamara Black
1090,Navdeep Mundi
1091,Clark Hansen
1092,Lee Cerling
1093,Kimberly Brower
1094,Gerald Giaquinta
1095,Lucy V Lee
1096,Todd Henneman
1097,Janna Wong
1098,James Owens
1099,Naomi Warren
1100,Holly Bridges
1101,Jon-Erik Tateri
1102,Melanie Johnson
1103,Elisabeth Weiss
1104,Martha Townsend
1105,Marc Aubertin
1106,Steve Bucher
1107,Bart Skarzynski
1108,Marc Ballon
1109,Harly Ramsey
1110,Helen Choi
1111,Sarah Mojarad
1112,Benjamin Pack
1113,Cory Nelson
1114,Taylor Wiesen
1115,Andreas Simon
1116,Kristen Jaconi
1117,Lori Smith
1118,Ruben Davila
1119,Regina Wittenberg Moerman
1120,Tracie Majors
1121,Matthew Pfeffer
1122,Tony Aaron
1123,James Leonetti
1124,Greg Kling
1125,Shiing-Wu Wang
1126,Smrity Randhawa
1127,Bill Holder
1128,Rose Layton
1129,Maria Ogneva
1130,Daniel O'Leary
1131,Michael Paranal
1132,Clive Lennox
1133,Herbert Perlmutter
1134,Charles Swenson
1135,K.R. Subramanyam
1136,David Boschetto
1137,Paul Bader
1138,Jack Barcal
1139,Cynthia Gensler
1140,Lauren Matchison
1141,Teddy Slowik
1142,Valery Augustin
1143,Vlanka Catalan
1144,Rob Berry
1145,Mina Chow
1146,Sarah Hammond
1147,Geoffrey von Oeyen
1148,Jeff Guh
1149,Erik Carver
1150,Miller Fong
1151,David Gerber
1152,Marc Schiler
1153,Hadrian Predock
1154,Sophia Gruzdys
1155,Gary Paige
1156,Hallie Black
1157,John Dutton
1158,Jasmine Benyamin
1159,Tigran Ayrapetyan
1160,Yo-Ichiro Hakomori
1161,Vinayak Bharne
1162,Scott Uriu
1163,Diane Ghirardo
1164,Jessica Varner
1165,Douglas Noble
1166,Michael Arden
1167,Lee Olvera
1168,Christof Jantzen
1169,Ginger Nolan
1170,Kate Chiu
1171,R Mitchell
1172,Eric Haas
1173,Andy Ku
1174,Karen Kensek
1175,Ryan Tyler Martinez
1176,Andrew Kovacs
1177,Elizabeth Valmont
1178,Jimenez yen chi Lai
1179,Juan Salazar
1180,Kyle Konis
1181,Victor Regnier
1182,Santosh Shahi
1183,Trudi Sandmeier
1184,Janek Dombrowa
1185,Sascha Delz
1186,Esther Margulies
1187,Jerry Hastings
1188,Alexander Robinson
1189,Isaac Brown
1190,Takako Tajima
1191,Aroussiak Gabrielian
1192,Alison Hirsch
1193,Douglas Kent
1194,Xun Liu
1195,Meredith Drake Reitan
1196,Peyton Hall
1197,Faiza Moatasim
1198,Parbi Boodaghian
1199,Kais Al-Rawi
1200,Anthony Brower
1201,Jen Toy
1202,Emily Mohr
1203,Peter Ekman
1204,Lauren Dandridge
1205,Chris Kyriakakis
1206,Roland Wahlroos-Ritter
1207,Matthew Conway
1208,Robert Ley
1209,Eric Nulman
1210,Gideon Susman
1211,Sanjeev Tankha
1212,Trinidad Rico
1213,Wesley Jones
1214,Davina Wolter
1215,Stephen Child
1216,Aaron Siegel
1217,David Beier
1218,Wade Cleveland
1219,Phil More
1220,Adam Hughes
1221,Carsten Becker
1222,Grant Delgatty
1223,Armine Lulejian
1224,Patrick Dent
1225,Doug Thomas
1226,Lisa Krohn
1227,Matthew Manos
1228,Yihyun Lim
1229,Velina Houston
1230,Tina Sharkey
1231,Michael Overing
1232,Michael Crowley
1233,Trent Jones
1234,Chris Swain
1235,Jessa Mendoza
1236,Emily Schneider
1237,Jay Clewis
1238,Jean-Michel Arnoult
1239,Jake Spurlock
1240,Douglas Hewitt
1241,Scott Armanini
1242,Stefano Rumi
1243,Aparna Pande
1244,Elissa Grossman
1245,Katrina Brownell
1246,Hovig Tchalian
1247,ShiaoFong Yin
1248,Thomas Knapp
1249,Christopher Harrer
1250,Albert Napoli
1251,Glenn Fox
1252,Paul Orlando
1253,David Belasco
1254,Abby Fifer Mandell
1255,Colin Coggins
1256,Julien Adams
1257,Michael Napoliello
1258,Dan Wadhwani
1259,Eric Chung
1260,Anthony Borquez
1261,Jeremy Dann
1262,Carmen Palafox
1263,Alexis Jeffries
1264,Shane Kelly
1265,Jill Kickul
1266,Sherry Gunther Shugerman
1267,Paul Orfalea
1268,Shaun Harper
1269,Adlai Wertman
1270,Geraldine Coppola Martin
1271,Julia Plotts
1272,Rebecca Heino
1273,Stephen Lind
1274,Andrew Ogilvie
1275,Luke Brown
1276,Jolanta Aritz
1277,Rodney Ramcharan
1278,Duke Bristow
1279,Ayca Altintig
1280,Matthew Shaffer
1281,Lorien Stice-Lawrence
1282,Yu Ting Forester Wong
1283,Zivia Wilson Sweeney
1284,George Braunegg
1285,Francisco Roman
1286,Shelley Li
1287,Maria Colman
1288,Yijia Guo
1289,Stacy Geck
1290,Kevin Caporicci
1291,Ellen-Linnea Dipprey
1292,Cynthia Alt
1293,Michelle Silver Lee
1294,Cesar Armendariz
1295,Madge Gaynor
1296,Tonii Brady
1297,Thomas Cummings
1298,Ekta Vyas
1299,Keven Brahim Kaddi
1300,Patrick Cates
1301,Johanna Tolan
1302,Lanore Larson
1303,Jason Frenn
1304,Eric Anicich
1305,Amy Bresnahan
1306,Marc Choueiti
1307,Alex Miller
1308,Lars Perner
1309,Eva Buechel
1310,Hank Wasiak
1311,Tyrone Callahan
1312,Yaron Levi
1313,Paromita Dubey
1314,Keith Robinson
1315,Charlie Hannigan
1316,Inga Maslova
1317,Francis Pereira
1318,Hiroshi Ochiumi
1319,Mika Sumida
1320,Daryl Ono
1321,Aikaterini Giannoutsou
1322,Feng Chen
1323,Kathy Takayama
1324,Robertas Gabrys
1325,Gourab Mukherjee
1326,Joshua Derenski
1327,Austin Pollok
1328,Yiqiu Shen
1329,Maureen Mchale
1330,Tom Chang
1331,Sriram Dasu
1332,Claudia Aguilar
1333,Sowon Kang
1334,Catherine Nunez
1335,Joe Raffiee
1336,Reza Bavafa
1337,Marco Aponte-Moreno
1338,Marina Mesin Zagar
1339,John Robinson
1340,Mitch Feinman
1341,Kirk Snyder
1342,Peter Cardon
1343,Alireza Kabirian
1344,Richard Selby
1345,Vitaly Glozman
1346,Grace Gu
1347,Paat Rusmevichientong
1348,Lorena Martin
1349,Tathagata Dasgupta
1350,Cosimo Arnesano
1351,Dawn Porter
1352,Xin Tong
1353,Inge Lindholm
1354,Ash Pahwa
1355,Daniela Saban
1356,Murat Bayiz
1357,Joydeep Banerjee
1358,Omar El Sawy
1359,Stephen Coggeshall
1360,Yingying Fan
1361,Beibei Li
1362,Bala Subramanian
1363,Nick Vyas
1364,Sudi Bhattacharya
1365,Jeff Higgins
1366,Jinchi Lv
1367,Vishal Gupta
1368,Marco Giacoletti
1369,John Ayoob
1370,Kevin Fields
1371,Cary Frydman
1372,Scott Abrams
1373,Eric Briggs
1374,Kerry Fields
1375,Arthur Korteweg
1376,Ken Shinoda
1377,Todd Foreman
1378,Lukas Schmid
1379,Mark Griffiths
1380,Shane Shepherd
1381,Scott Joslin
1382,Gerard Hoberg
1383,Andrew Menard
1384,Dylan Fonseca
1385,Eric Willett
1386,Nikhil Bhatia
1387,Sanjay Sharma
1388,Brian Little
1389,Ben Gusberg
1390,Arya Rahimian
1391,Steve Schurman
1392,Tanakorn Makaew
1393,John Loper
1394,Mark Sprague
1395,Christopher Jones
1396,Kenneth Ahern
1397,John Matsusaka
1398,Andrii Parkhomenko
1399,Marion Philadelphia
1400,Diane Badame
1401,Harris Smith
1402,Courtney Brunious
1403,Gregory Patton
1404,Mark Young
1405,Chris Bresnahan
1406,Joseph Nunes
1407,Rex Kovacevich
1408,Rahsan Akbulut
1409,Selahattin Imrohoroglu
1410,Gulden Ulkumen
1411,Dina Mayzlin
1412,Ruth Wallach
1413,Caroline Muglia
1414,Jillian Wallis
1415,Renee Di Pilato
1416,Ben Alexander
1417,Win Shih
1418,Christal Young
1419,Melissa Miller
1420,Jade Winn
1421,Dinesh Puranam
1422,Arianna Uhalde
1423,Therese Wilbur
1424,Gary Frazier
1425,John Benson
1426,Ariela Turndorf
1427,Elena Hansen
1428,Dennis Schorr
1429,Joseph Priester
1430,Larry Vincent
1431,Franco De Cesare
1432,D. Sokol
1433,Sivaramakrishnan Siddarth
1434,Nikhil Malik
1435,Kalinda Ukanwa
1436,Lan Luo
1437,Beth Wellman
1438,Anthony Dukes
1439,Gerard Tellis
1440,Stephanie Tully
1441,Sha Yang
1442,Kristin Diehl
1443,Paul Adler
1444,Terance Wolfe
1445,Cheryl Wakslak
1446,Michael Mische
1447,Peter Carnevale
1448,Peter Kim
1449,Quentin Fleming
1450,Katharine Harrington
1451,David Carter
1452,Carl Voigt
1453,Gordon Ho
1454,Ryan Keefer
1455,Kenneth Perlman
1456,Peer Fiss
1457,Jim Legeman
1458,Kyle Mayer
1459,Christine El Haddad
1460,Arvind Bhambri
1461,Shon Hiatt
1462,Scott Wiltermuth
1463,Nicolas Perez
1464,Jenny Lee
1465,Donald Hummer
1466,Tiffany Danko
1467,Kyle Chavez
1468,Roberto Blain
1469,John Jones
1470,Bria White
1471,Marcus Butler
1472,Sharon Greene
1473,Michael Lane
1474,Mandi Brooksbank
1475,Bonnie Chi
1476,Jason Berman
1477,Christian Sutton
1478,Michael Renov
1479,Marcus Anderson
1480,Lauren Meltzner
1481,Aaron Settipane
1482,Lisa Leeman
1483,Wendy J.N. Lee
1484,Theodore Braun
1485,Stephen Armour
1486,Robert Osher
1487,Theresa Peters
1488,Richard Amador
1489,Lee McCaulla
1490,Justin Parpan
1491,Tom Sito
1492,Katie Smith
1493,Morgan Kelly
1494,Nicole West
1495,Eric Hanson
1496,John Mahoney
1497,Josh Staub
1498,Craig Barron
1499,Elizabeth Brauer
1500,Elisabeth Mann
1501,Dariush Derakhshani
1502,Maks Naporowski
1503,Marcel Valcarce
1504,Jordan Halsey
1505,Tapan Gandhi
1506,Maurice Bastian
1507,Domin Lee
1508,Michael Patterson
1509,Teresa Cheng
1510,Jang Lee
1511,Richard Goldsmith
1512,Jason Reisig
1513,
1514,John Brennan
1515,Moses Journey
1516,Candace Reckinger
1517,Kathy Smith
1518,Abram Makowka
1519,Gordon Bellamy
1520,George Carstocea
1521,Dineo Maine
1522,Nitin Govil
1523,Manouchka Labouba
1524,Lan Duong
1525,Slava Greenberg
1526,Courtney White
1527,Ella Taylor
1528,Giancarlo Cornejo
1529,William Whittington
1530,Janani Subramanian
1531,Priya Jaikumar
1532,Leonard Maltin
1533,Mary Mcnamara
1534,Simran Bhalla
1535,Thomas Pringle
1536,Emma Benayoun
1537,Vicki Callahan
1538,Kiki Benzon
1539,Tara Mcpherson
1540,Joseph Garlington
1541,Caleb Bladh
1542,Jonathan Ogilvy
1543,Margaret Moser
1544,Peter Brinson
1545,Jesse Vigil
1546,Treaandrea Russworm
1547,Jim Huntley
1548,Chevon Hicks
1549,Heather Desurvire
1550,Sam Roberts
1551,Robert Nashak
1552,Tracy Fullerton
1553,Cynthia Woll
1554,Shing yin Khor
1555,Andrew Goldstein
1556,Paul Bellezza
1557,Nicholas Linares
1558,Timothy Lee
1559,John Nee
1560,Ed Zobrist
1561,Marientina Gotsis
1562,Richard Lemarchand
1563,Martzi Campos
1564,Mark Bolas
1565,Sean Bloom
1566,Dennis Wixon
1567,Laird Malamed
1568,Marianne Krawczyk
1569,Preston Moss
1570,Joseph Hansford
1571,Mitch McGlocklin
1572,Juli Juteau
1573,Paul Kowalski
1574,Petra Haffter
1575,Katy Garretson
1576,Steven Albrezzi
1577,Anne Hamilton
1578,David Mccall
1579,Savannah Bloch
1580,Tristan Whitman
1581,Gary Wagner
1582,Yvette Amirian
1583,Brian Wessel
1584,Chris Morocco
1585,Izumi Morocco
1586,Steve Zuckerman
1587,Kim Ray
1588,Barry Bogovich
1589,Joselito Seldera
1590,Wes Akwuobi
1591,Harrison Merkt
1592,Katie Gately
1593,John Orlando
1594,Jason Rosenfield
1595,Scott Gamzon
1596,Jennifer Grable
1597,Christopher Warren
1598,Linda Brown
1599,Dianne Farrington
1600,Robert Brown
1601,Robert Schiller
1602,Andrew Balis
1603,Lori Webster Fore
1604,Samantha Hagemeyer
1605,Dan Lupovitz
1606,Richard Burton
1607,Stephen Flick
1608,Emre Okten
1609,Peggy Weil
1610,Anne Desalvo
1611,Mimi Gramatky
1612,Daniel Noah
1613,Torrie Rosenzweig
1614,Navid Mcilhargey
1615,Richard Block
1616,Michael Provart
1617,Alex Gibson
1618,Tim Kirkman
1619,Barnet Kellman
1620,Helaine Head
1621,Robert Townsend
1622,Scott Kroopf
1623,Suhail Kafity
1624,Neal Brown
1625,Gail Katz
1626,Charles Schner
1627,Jeremy Deneau
1628,Christopher Guerrero
1629,Paula Walker-Kestermann
1630,Pablo Frasconi
1631,Bruce Block
1632,Seth Koury
1633,Rebekah McKendry
1634,James Savoca
1635,Scott Stone
1636,Yu Gu
1637,Jennifer Warren
1638,Jeremy Kagan
1639,John Rosenberg
1640,John Palmer
1641,John Watson
1642,Gilbert Castro
1643,Ross Silverman
1644,James Okeeffe
1645,Patrick Shen
1646,Everett Lewis
1647,David Steinberg
1648,Tom Jacobson
1649,Eric Freiser
1650,Anthony Jonas
1651,Alyssa Clark
1652,Michael Taylor
1653,Brenda Goodman
1654,Peter Sollett
1655,Tim Marx
1656,Chinyere Nwodim
1657,Beverly Neufeld
1658,Robert Ramsey
1659,Joseph Wheeler
1660,David Howard
1661,Donald Bohlinger
1662,Matt Montoya
1663,Deborah Seibel
1664,Joshua Senter
1665,Alexa Alemanni
1666,Jay Kogen
1667,Jeremy Novick
1668,Lamont Ferrell
1669,Jim Staahl
1670,Benita Garvin
1671,Garth Twa
1672,Lindsay Stidham
1673,Maggy Torres-Rodriguez
1674,Christopher Moore
1675,Harold Apter
1676,Collin Kelly
1677,Ross Berger
1678,Pamela Douglas
1679,Rick Parks
1680,Erick Castrillon
1681,Vincent Robert
1682,Anne Postman
1683,Donald Hewitt
1684,Richard Whitley
1685,Rita Augustine
1686,Sean Hood
1687,Paul Foley
1688,Tyger Williams
1689,Amy Straus
1690,Jill Goldsmith
1691,Ivy Sunderji
1692,Janet Batchler
1693,Joe Peracchio
1694,Scot Armstrong
1695,Irving Belateche
1696,Robert Luchow
1697,Larry Balmagia
1698,Thomas Abrams
1699,Robert Sabin
1700,Natasha Maidoff
1701,David Weber
1702,Andrea Nasfell
1703,Kerem Sanga
1704,Mary Sweeney
1705,F.J. Pratt
1706,Maria Jacquemetton
1707,Jeffrey Glaser
1708,Siavash Farahani
1709,Brandon Willer
1710,Nicole Jefferson
1711,Bob Tzudiker
1712,Trey Callaway
1713,Jeanne Jo
1714,David Johnson
1715,Evan Hughes
1716,Nicole Trudeau
1717,John Carpenter
1718,Qianqian Ye
1719,Ashley York
1720,Kim Zumpfe
1721,Virginia Kuhn
1722,Silvia Rigon
1723,Aisling Kelliher
1724,Harvest Moon
1725,Alexander Mcdowell
1726,Carrie Chen
1727,Michael Bodie
1728,Scott Fisher
1729,Elizabeth Ramsey
1730,Stephanie Spray
1731,Holly Willis
1732,Einar Baldvin
1733,Musa Brooker
1734,Alison Trope
1735,Nick Morr
1736,Jameela Hammond
1737,Rogelio Lopez
1738,India Walton
1739,Bryant Smith
1740,David Zong
1741,Robert Scheer
1742,Josh Widera
1743,Ruth Kelly
1744,Lisa Pecot-Hebert
1745,Katrina Chan
1746,Christopher Smith
1747,Willow Bay
1748,Julia Matthews
1749,Austin Roy
1750,Leah Gunn
1751,Christie Ly
1752,Colleen Keough
1753,Daniel Durbin
1754,Liuning Zhou
1755,Mathew Curtis
1756,Morten Bay
1757,Alexis Brunswick
1758,Sarah Dzida
1759,Dmitri Williams
1760,Nithya Muthuswamy
1761,Marina Kosten
1762,Andrew Leonard
1763,Eric Markgraf
1764,Simon Uwins
1765,Jeffrey Hirsch
1766,Robert Borg
1767,Angela Barrick
1768,Joshua Feldman
1769,Adam Fratto
1770,Courtney Pade
1771,Rich Guest
1772,Mayanna Framroze
1773,Ted Skidmore
1774,Marcela Amiune
1775,James Lee
1776,Paolo Sigismondi
1777,Ben Lee
1778,Cynthia Martinez
1779,Catie Saralegui
1780,Monica Koyama
1781,Jessica Neff
1782,Lisa Dracolakis
1783,Lindsey Kracum
1784,Daniela Baroffio
1785,Aimei Yang
1786,Christina Bellantoni
1787,Nick Cull
1788,Larry Gross
1789,Brad Shipley
1790,Freddy Nager
1791,Stacy Smith
1792,Jillian Pierson
1793,Laurel Felt
1794,Molly Frizzell
1795,Stephanie Westmyer
1796,Adam Navarro
1797,Karen North
1798,Kiran Dhillon
1799,Maximilian Brichta
1800,Eduardo Gonzalez
1801,Cristina Visperas
1802,Pamela Perrimon
1803,Maria Fernanda Soria Cruz
1804,Christopher Persaud
1805,Steven Proudfoot
1806,Robert Michael
1807,Robin Stevens
1808,Qiaozhen Jia
1809,Andrea Hollingshead
1810,Josh Kun
1811,Francois Bar
1812,Nazli Offringa
1813,Carmen Lee
1814,Julianna Kirschner
1815,Randy Lake
1816,Tyler Quick
1817,Carlos Godoy
1818,Sean Kennedy
1819,Rook Campbell
1820,Hye Jin Lee
1821,Georgia Stahl
1822,Jennifer Petersen
1823,Michael Wissot
1824,Lichen Zhen
1825,Sarah Banet-Weiser
1826,Jessica Hatrick
1827,Teresa Delfin
1828,Gerald Goodnight
1829,Manuel Castells
1830,Mike Ananny
1831,Ariana Case
1832,Taj Frazier
1833,Marlon Twyman
1834,Henry Jenkins
1835,Colin Maclay
1836,Hector Amaya
1837,Lindsay Young
1838,Emilio Ferrara
1839,Jonathan Aronson
1840,Lynn Miller
1841,Hernan Galperin
1842,Christina Dunbar-Hester
1843,Joseph Itaya
1844,Mahta Emrani
1845,Anika Jackson
1846,Raymond Lutzky
1847,Styles Akira
1848,Erik Deutsch
1849,Colin Doty
1850,Adam Holiber
1851,Andy Lutzky
1852,Todd Richards
1853,Jeffrey Thompson
1854,Shub A
1855,Caroline Leach
1856,Geoffrey Cowan
1857,Joe Saltzman
1858,Melissa McCoy
1859,Muna Shikaki
1860,Laila Muhammad
1861,Vince Gonzales
1862,Sam Youngman
1863,Garin Flowers
1864,Christine Kelley
1865,Alicia Ramirez
1866,Esmeralda Fabian Romero
1867,Luke Harold
1868,Toni Albertson
1869,Kingsley Smith
1870,Mary Harris
1871,Julie Chang
1872,Allan Lopez
1873,Kandiss Crone
1874,Joseph Calabrese
1875,Peggy Bustamante
1876,Keith Plocek
1877,Grace Manthey
1878,Vanessa Gaie
1879,Robert Meeks III
1880,Fernando Hurtado
1881,Dana Chinn
1882,Laura Davis
1883,Myra Turner
1884,Robert Parker
1885,Laura Castaneda
1886,Jeffrey Fellenzer
1887,Mary Murphy
1888,Stacy Scholder
1889,Shelley Smith
1890,Daniel Birman
1891,Tena Rubio
1892,Willa Seidenberg
1893,Gary Cohn
1894,Robert Hernandez
1895,Eric Pape
1896,Justin Chang
1897,Amber Theoharis
1898,Heather Fogarty
1899,Alan Abrahamson
1900,Lisa Fung
1901,Todd Purdum
1902,Jennifer Floto
1903,Selina MacLaren
1904,May Lee
1905,Amara Aguilar
1906,Ben Carrington
1907,Oscar Garza
1908,Rebecca Haggerty
1909,Gabriel Kahn
1910,Sandy Tolan
1911,Alan Mittelstaedt
1912,Allissa Richardson
1913,Gordon Stables
1914,Roberto Suro
1915,Mark Schoofs
1916,Iris Lee
1917,Andrew Schwartz
1918,Barbara Pierce
1919,Kelly McEvers
1920,Afua Hirsch
1921,Annie Mateen
1922,Sandra Kazarian
1923,Stephanie Arnoldy
1924,Joshua Rubenstein
1925,Jose Zavala
1926,Clarissa Beyah
1927,Stephany Villasenor
1928,Melanie Cherry
1929,Steve Caplan
1930,Dennis Canon
1931,Laura Gonzalez
1932,Darryl Ryan
1933,Nan Sumski
1934,Kate Jacobs
1935,Stefan Pollack
1936,Jennifer de la Fuente
1937,Robert Kozinets
1938,David Stamper
1939,Lauren Bradford
1940,Stephen Jones
1941,Jacqueline Liu
1942,Burghardt Tenderich
1943,Jeff Moeller
1944,Daniel Schnur
1945,Su Jung Kim
1946,Cheryl Cook
1947,Brenda Lynch
1948,Matthew Leveque
1949,Jonathan Stearns
1950,Eunjin (Anna) Kim
1951,Fred Cook
1952,Jay Wang
1953,Marc Isenberg
1954,Dave Quast
1955,Laura Jackson
1956,LaShawn McFadden
1957,Annelise Bamberg
1958,Hayley Burgess
1959,Jeffrey Gold
1960,Morgan Keller
1961,Matthew Le Veque
1962,Jennifer Johnson
1963,Lisa Tush
1964,Melissa Robinson
1965,Dwight Dawson
1966,Scott Kronick
1967,Evan Pondel
1968,Ashley Owen
1969,Damon Woods
1970,Robert Banks
1971,Ernest Wilson
1972,Marisa Hentis
1973,Molly Bogunovic
1974,Tiffany Bong
1975,d. Sabela Grimes
1976,Bruce McCormick
1977,Betsy Struxness
1978,Alison D'Amato
1979,Achinta McDaniel
1980,E. Moncell Durden
1981,Sarah Anindo Marshall
1982,Jennifer Lott
1983,Kelly Alvarez
1984,Ebony Frazier
1985,Shannon Grayson
1986,Pat Taylor
1987,Nina Flagg
1988,Dante Rose
1989,Jesus Fuentes
1990,Josette Wiggan
1991,Jason Rodgers
1992,Jackie Kopcsak
1993,Saleemah Knight
1994,Dawn Stoppiello
1995,Patrick Corbin
1996,Grasan Kingsberry
1997,Gillian Finley
1998,James Ady
1999,Amy O'Neal
2000,Bonnie Homsey
2001,Cheryl Park
2002,Nam Cho
2003,Alexander Alcaraz
2004,Sillas Duarte
2005,Theresia Laksmana
2006,Rafael Roges
2007,Catherine Pham
2008,Hovhanness Shnorhokian
2009,Mahvash Navazesh
2010,Reyes Enciso
2011,Glenn Clark
2012,Glenn Sameshima
2013,Kian Kar
2014,Jianfu Chen
2015,Mark Urata
2016,Rebecca Dayanim
2017,Mariela Padilla
2018,Roseann Mulligan
2019,Jin-Ho Phark
2020,Jenny Son
2021,John Kishibay
2022,Jose Polido
2023,Alon Frydman
2024,MaryAnn Hu
2025,Laura Flanagan
2026,Neisha Folkes
2027,Amrita Dhaliwal
2028,Jenni Brandon
2029,Alexandra Billings
2030,Judith Shelton
2031,Kirstin Eggers
2032,Stevie Johnson
2033,Jenni Barber
2034,Kevin McCorkle
2035,Jeremiah O'Brian
2036,Paul Urcioli
2037,Adam Chambers
2038,Jeff Crockett
2039,Anita Dashiell-Sparks
2040,Debra De Liso
2041,Zachary Steel
2042,Paul Hungerford
2043,Jenny Guthrie
2044,Els Collins
2045,Tak Kata
2046,Stephanie Shroyer
2047,Howard Schmitt
2048,Kenneth Mitchell
2049,Gary Domasin
2050,Rena Heinrich
2051,Melinda Finberg
2052,Tom Buderwitz
2053,Elizabeth Harper
2054,Sibyl Wickersheimer
2055,Matthew Montgomery
2056,Gabriella Santinelli
2057,Bayo Akinfemi
2058,Danye Brown
2059,Esther Chae
2060,Bob Bailey
2061,Frank Catalano
2062,Sharon Carnicke
2063,Nathan Scheuer
2064,Kenneth Sawyer
2065,Boni Alvarez
2066,Gregg Daniel
2067,Nick Massouh
2068,Phil Allen
2069,Brent Blair
2070,Emily Alpren
2071,Matthew Felten
2072,Lee Chemel
2073,Edgar Landa
2074,Todd Waldman
2075,Lena Ford
2076,Luis Alfaro
2077,Paula Cizmar
2078,Kathy Dunn-Muzingo
2079,Julian Conde
2080,Dan Shaner
2081,James Morosini
2082,Kosta Potamianos
2083,Tomm Polos
2084,Duncan Mahoney
2085,Kendall Johnson
2086,Michael Donovan
2087,Scott Faris
2088,Ann Closs-Farley
2089,Samantha Jones
2090,Martha Carter
2091,Donavan Martinelli
2092,Kate Burton
2093,Rodney To
2094,David O
2095,Wayne Federman
2096,Meghan Laughlin
2097,Noel Nichols
2098,Beverly Leech
2099,Jenna Pastuszek
2100,Sabina Zuniga Varela
2101,Babette Markus
2102,Ntare Guma Mbaho Mwine
2103,Michele Shay
2104,Natsuko Ohama
2105,Oliver Mayer
2106,Finola Hughes
2107,David Warshofsky
2108,John Duggan
2109,Gregoire Francois
2110,Atheneus Ocampo
2111,Charles Nassar
2112,Tiffany Fuller
2113,Marsha Riggio
2114,Wanda Quezada
2115,Kerri Mccullough
2116,Ushekia Mcghee
2117,Tonatzin Elisa Brown
2118,Taqueena Quintana
2119,Sonia Gooden-Alexis
2120,Evelyn Iraheta
2121,Letea Perry
2122,Jonathan Wang
2123,Kortney Hernandez
2124,Adrienne Ann Mullen
2125,Julio Flores
2126,Cynthia Mosqueda
2127,Sheila Banuelos
2128,Samuel Kim
2129,Lynette Merriman
2130,David Glasgow
2131,Carmen Soto
2132,Michelle T. Hartounian
2133,Amy Yillik
2134,David Smith
2135,Dennis Hocevar
2136,Patricia Burch
2137,Isaiah Simmons
2138,Nicole Maccalla
2139,Kathleen Apps
2140,Paula Carbone
2141,Sandra Kaplan
2142,Marybeth Heather
2143,Lenese Stephens
2144,Andrae Brown
2145,A'tasha Christian
2146,Kanika Middleton
2147,Paul Harris
2148,Raven Barrow
2149,Brittny McCarthy
2150,Rudy Roman
2151,Tamara Barron
2152,Narineh Makijan
2153,Michele Pinellas
2154,Eric Canny
2155,Daniel Chatham
2156,Michael ONeill
2157,Bernadette Lucas
2158,Erika Page
2159,Patricia Tobey
2160,Stefanie Phillips
2161,Marcus Pritchard
2162,Rudolph Crew
2163,Deanna Campbell
2164,Courtney Malloy
2165,Frances Kellar
2166,Ekaterina Moore
2167,Ayesha Madni
2168,Sherritta Hughes
2169,Onaje Salim
2170,Rufus Spann
2171,Jennifer Gold
2172,Catherine Barrett
2173,Harold Waters
2174,Richard Cortes
2175,Nunag Nunag
2176,Jasmynne-Shaye Robbins
2177,Sean Boileau
2178,Jacquelyn Szajer
2179,Jerome Rucker
2180,Sherika Miller
2181,Kenneth Yates
2182,Alison Muraszewski
2183,Alan Green
2184,Robert Filback
2185,Christine Mendoza
2186,Alma Zaragoza-Petty
2187,Briana Hinga
2188,Cory Buckner
2189,Latonia Laffitte
2190,Douglas Lynch
2191,Anthony Maddox
2192,Ruth Chung
2193,Helena Seli
2194,Carey Regur
2195,Heather Davis
2196,Cathy Krop
2197,Julie Marsh
2198,Mary Andres
2199,Sandra Smith
2200,Kelly Greco
2201,Theodore Burnes
2202,Eunice Humphrey
2203,Christina Green
2204,Don Trahan
2205,Kim Ferrario
2206,Stephen Aguilar
2207,Deborah Schleicher
2208,Brinell Anderson
2209,Alicia Gomez
2210,Ilene Rosenstein
2211,Diana Jochai
2212,Esther Kim
2213,Jessica DeCuir-Gunby
2214,Katerina Schenke
2215,Matthew Dame
2216,Liyan Wang
2217,Royel Johnson
2218,Marie Gironda
2219,Sarah Katherine Schmaltz
2220,Shanta Smith
2221,Stephanie Dewing
2222,Rebecca Williams
2223,Angela Hasan
2224,Rodrick Jenkins
2225,Marco Diaz
2226,Yasemin Copur-Gencturk
2227,Shilby Sims
2228,Roderick Castro
2229,Mary Hillier
2230,Frederick Freking
2231,Akilah Lyons-Moore
2232,Sara-Jean Lipmen
2233,Jared Dupree
2234,Richard Pedroza
2235,Amy Hodge
2236,Nasser Cortez
2237,Monique Datta
2238,Hanns Botz
2239,Jennifer Krogh
2240,Rhoda Coleman
2241,Deborah Hazelton
2242,Eugenia Mora-Flores
2243,Sue Jin Kim
2244,Shayna Markwongnark
2245,Eric Medrano
2246,Kammie Hayashibara
2247,Amy Marcoullier
2248,Maribel Galan
2249,Karen Alejado
2250,Krishna Smith
2251,Maria Pimienta
2252,Themistocles Sparangis
2253,Erica Silva
2254,Corinne Hyde
2255,Paolo DeGuzman
2256,Zina Evans
2257,Jihye Kwon
2258,Deangela Burns-Wallace
2259,Arthur Coleman
2260,Julie Posselt
2261,Artineh Samkian
2262,Richard Grad
2263,Wilmon A. Christian III
2264,Tracy Tambascia
2265,Mark Robison
2266,John De Mita
2267,Wayne Combs
2268,Patrick Crispen
2269,Susanne Foulk
2270,Christopher Riddick
2271,Melanie Brady
2272,Gale Sinatra
2273,Kendrick Davis
2274,Maria Ott
2275,Adrian Huerta
2276,Darnell Cole
2277,Morgan Polikoff
2278,Adam Kho
2279,Adrianna Kezar
2280,Christopher Emdin
2281,Mark Pearson
2282,Kimberly Hirabayashi
2283,Christina Kishimoto
2284,Xiomara Mateo-Gaxiola
2285,Raquel Torres-Retana
2286,Joelle Greene
2287,Julie Slayton
2288,Bradley Ermeling
2289,David Cash
2290,Gregory Franklin
2291,Erika Patall
2292,Darline Robles
2293,Akshay Potnuru
2294,Paul Plucinsky
2295,Assad Oberai
2296,Saakar Byahut
2297,Neda Maghsoodi
2298,Geoffrey Shiflett
2299,Bingen Yang
2300,Bo Jin
2301,Yann Staelens
2302,Julian Domaradzki
2303,Leslie King
2304,Emma Singer
2305,Oussama Safadi
2306,Inna Abramova
2307,Babak Boloury-Azad
2308,Yan Jin
2309,Fokion Egolfopoulos
2310,Niema Pahlevan
2311,Paul Ronney
2312,Robert Antypas
2313,Hangbo Zhao
2314,Alejandra Uranga
2315,Hubert Wong
2316,Vinay Goyal
2317,Jonathan Sauder
2318,Ivan Bermejo-Moreno
2319,Carlos Pantano-Rubino
2320,Satwindar Sadhal
2321,Firdaus Udwadia
2322,Paul Newton
2323,Serkan Kalender
2324,Satyandra Gupta
2325,Quan Nguyen
2326,Henryk Flashner
2327,Wei Wu
2328,Amin Ghadami
2329,Dan Erwin
2330,David Barnhart
2331,Daniel Depew
2332,Jim Chase
2333,Lisa Hill
2334,Bryan Cooley
2335,Michael Kezirian
2336,William Tobiska
2337,Lubos Brieda
2338,Garrett Reisman
2339,Ghanshyam Purohit
2340,Keith Goodfellow
2341,Don Edberg
2342,Mike Gruntman
2343,Gerald Hintz
2344,Ryan Park
2345,David Lee
2346,Steve Lapen
2347,Azad Madni
2348,Jesse Yen
2349,Stan Yamashiro
2350,David D'Argenio
2351,Christopher Noll
2352,Jerry Loeb
2353,Megan McCain
2354,Cristina Zavaleta
2355,Jean-Michel Maarek
2356,Jennifer Treweek
2357,Brent Liu
2358,Keyue Shen
2359,Vasilis Marmarelis
2360,Stacey Finley
2361,Qifa Zhou
2362,Ted Berger
2363,Eun Ji Chung
2364,William Yang
2365,Jincai Chang
2366,Shaama Mallikarjun Sharada
2367,Andrea Hodge
2368,Theo Tsotsis
2369,Wade Zeno
2370,Noah Malmstadt
2371,Pin Wang
2372,Kristian Jessen
2373,Nicholas Graham
2374,Meida Chen
2375,Roger Ghanem
2376,Qiming Wang
2377,Thomas Petersen
2378,Massoud Pirbazari
2379,Sami Masri
2380,Alan Croll
2381,Patrick Lynett
2382,Gregg Brandow
2383,Carter Wellford
2384,Henry Koffman
2385,Navneet Agrawal
2386,Chun-Ching Wang
2387,Amy Rechenmacher
2388,Burcin Becerik
2389,Sunny Wang
2390,Brad Cracchiola
2391,Ed Reynolds
2392,Bora Gencturk
2393,Navid Nastar
2394,Farzad Naeim
2395,Devang Dedhia
2396,Berok Khoshnevis
2397,Shahed Rowshan
2398,Roxana Javid
2399,Felipe De Barros
2400,Audrey Olivier
2401,Mohammad Reza Rajati
2402,Mark Redekopp
2403,Andrew Goodney
2404,Aaron Cote
2405,Marco Papa
2406,Shahriar Shamsian
2407,William Halfond
2408,Tanya Ryutov
2409,William Cheng
2410,Marco Paolieri
2411,Victor Adamchik
2412,Jernej Barbic
2413,Andrew Nealen
2414,Luis Garcia
2415,Claire Bono
2416,Robin Jia
2417,Jiapeng Zhang
2418,Shahram Ghandeharizadeh
2419,Scott Easley
2420,Artjoms Kovalovs
2421,Clifford Neuman
2422,Jonathan Gratch
2423,Mohammad Soleymani
2424,Xuezhe Ma
2425,Laurent Itti
2426,Jesse Thomason
2427,Yan Liu
2428,Sathyanaraya Raghavachary
2429,Ming-Deh Huang
2430,Parag Havaldar
2431,Barath Raghavan
2432,Kimberly Serrano
2433,Gale Lucas
2434,Mukund Raghothaman
2435,Heather Culbertson
2436,Shaddin Dughmi
2437,Maja Mataric
2438,Vatsal Sharan
2439,Weihang Wang
2440,Souti Chattopadhyay
2441,Cyrus Shahabi
2442,Wensheng Wu
2443,David Pynadath
2444,David Chan
2445,Anna Farzindar
2446,Ulf Hermjakob
2447,Jose-Luis Ambite
2448,Keith Burghardt
2449,Ning Wang
2450,Christian Mattmann
2451,Seon Kim
2452,Ke-Thia Yao
2453,Wei-Min Shen
2454,Carl Kesselman
2455,Bruce Wilcox
2456,Gandhi Puvvada
2457,Allan Weber
2458,Susan Schober
2459,Bhaskar Krishnamachari
2460,Rehan Kapadia
2461,Shahin Nazarian
2462,Olaoluwa Adigun
2463,Brandon Franzke
2464,Mohammed Beshir
2465,Ali Zahid
2466,Cauligi Raghavendra
2467,Viktor Prasanna
2468,Alan Willner
2469,Massoud Pedram
2470,Eduardo Pavez Carvelli
2471,Michelle Povinelli
2472,George Papavassilopoulos
2473,Paul Bogdan
2474,Ben Reichardt
2475,Stephen Cronin
2476,Petros Ioannou
2477,Young Cho
2478,Arash Saifhashemi
2479,Mercedeh Khajavikhan
2480,Chongwu Zhou
2481,Michael Neely
2482,Peter Beerel
2483,Christopher Torng
2484,Keith Chugg
2485,Keith Jenkins
2486,Ashutosh Nayyar
2487,Maryam Shanechi
2488,Andreas Polydoros
2489,Urbashi Mitra
2490,Mengjie Yu
2491,Jay Kuo
2492,Aluizio Prata
2493,Anand Joshi
2494,Joshua Yang
2495,Akhilesh Jaiswal
2496,Sridhar Narayanan
2497,Moe Tabar
2498,Constantine Sideris
2499,Mihailo Jovanovic
2500,Todd Brun
2501,Tony Levi
2502,Krishna Nayak
2503,Justin Haldar
2504,Somil Bansal
2505,Quntao Zhuang
2506,Eun Kim
2507,Shuo-Wei Chen
2508,Hossein Hashemi
2509,Ajitesh Srivastava
2510,Daniel McCurry
2511,Constantinos Sioutas
2512,Jiachen Zhang
2513,Geraldine Knatz
2514,Kelly Sanders
2515,Amy Childress
2516,Sandeep Gupta
2517,Daniel Druhora
2518,Gisele Ragusa
2519,Candace Teixeira
2520,Alice Liu
2521,Denise McKenzie
2522,Elizabeth Fife
2523,Nathan Greenfield
2524,Yalda Khashe
2525,Yong Chen
2526,John Carlsson
2527,Amir Gharehgozli
2528,Shalini Gupta
2529,Niloufar Izadinia
2530,Thomas Booth
2531,Kurt Palmer
2532,Randolph Hall
2533,Melissa Price
2534,Stephen Lu
2535,Sze-Chuan Suen
2536,Theodore Mayeshiba
2537,David Belson
2538,Ali Nowroozi
2539,Herag Haleblian
2540,Maryam Pishgar
2541,Victoria Stodden
2542,Giacomo Nannicini
2543,Suvrajeet Sen
2544,Saeed Mohasseb
2545,Cesar Acosta-Mejia
2546,Sima Parisay
2547,Sheldon Ross
2548,Alex Azmi
2549,Margaret Felberg
2550,Jeffrey Smith
2551,Gordon Delianedis
2552,Hamid Pourmohammadi
2553,Richard Vawter
2554,Nitin Kale
2555,Paul Lu
2556,Abigail Horn
2557,Jong-Shi Pang
2558,Detlof Von Winterfeldt
2559,Maged Dessouky
2560,Ali Abbas
2561,Phebe Vayanos
2562,Qiang Huang
2563,Andres Gomez Escobar
2564,Meisam Razaviyayn
2565,Renyuan Xu
2566,Annabelle Lau
2567,Kimberly Rubal
2568,Zune Nguyen
2569,Calvin Nguyen
2570,Trina Gregory
2571,Rob Parke
2572,Kristof Aldenderfer
2573,Raymond Kim
2574,Barrett Koster
2575,Maryam Majedi
2576,Grant Derderian
2577,Sean Straw
2578,Gregg Ibbotson
2579,Kyle Ackerman
2580,Chander Burgos
2581,Gregory Pohlner
2582,Naz Nageer
2583,Chaz Hales
2584,Kendra Walther
2585,Hannah Nguyen
2586,Mikaila Weaver
2587,Bhargav Oza
2588,Stefan Mcgregor
2589,Bennett Lee
2590,Mayan Escalante
2591,Boyuan Xu
2592,Allen Almasi
2593,Howard Williamson
2594,Clark Kromenaker
2595,Matthew Whiting
2596,Sanjay Madhav
2597,Zachary Metcalf
2598,Reza Jafarkhani
2599,David Tang
2600,Erik Johnson
2601,Joseph Greenfield
2602,P.J. Leimgruber
2603,Benny Forer
2604,Yu-Tsun Shao
2605,Lessa Grunenfelder
2606,Priya Vashishta
2607,Anupam Madhukar
2608,Jayakanth Ravichandran
2609,Ken-ichi Nomura
2610,Paulo Branicio
2611,Nikhil Kar
2612,Michael Hahn
2613,Behnam Jafarpour
2614,Iraj Ershaghi
2615,Faruk Civan
2616,Davood Khairkhah
2617,Birendra Jha
2618,Julie Albright
2619,Michael Sievers
2620,Phan Phan
2621,Robert Minnichelli
2622,Ken Cureton
2623,Jairus Hihn
2624,Sherin Guirguis
2625,Caroline Clerc
2626,Paul Donald
2627,David Kelley
2628,Nery Lemus
2629,Ruby Osorio
2630,Karen Liebowitz
2631,Jackie Rines
2632,Thomas Mueller
2633,Amy Santoferraro
2634,Ashley Hagen
2635,Jud Fine
2636,Ray Barrett
2637,Peter Holzhauer
2638,Sam Alden
2639,Zoe van Dijk
2640,Shoshi Watanabe
2641,Julia Paull
2642,Helen Kim
2643,Patty Chang
2644,Biddy Tran
2645,Keith Mayerson
2646,Angie Wang
2647,Yaron Hakim
2648,Jean Robison
2649,Alvaro Marquez
2650,Sophia Stevenson
2651,Danielle Cansino
2652,Amelia Jones
2653,Antonio Bartolome
2654,Brian O'Connell
2655,Brian Olson
2656,Nao Bustamante
2657,Edgar Arceneaux
2658,Jennifer West
2659,Mary Kelly
2660,Rotem Rozental
2661,Madison Moore
2662,Suzanne Lacy
2663,Jenny Lin
2664,Melanie Nakaue
2665,Charla Elizabeth
2666,Lucy Cook
2667,China Adams
2668,Helene Reiner
2669,Osvaldo Trujillo
2670,Eric Junker
2671,Hector Torres
2672,Laurie Burruss
2673,Ginamahre Fulton
2674,Jason Ellenburg
2675,Alexis Zoto
2676,Bruno Lemgruber
2677,Eugene Ahn
2678,Peter Robbins
2679,Carlos Avila
2680,Ewa Wojciak
2681,April Greiman
2682,Marci Vogel
2683,Ka Lee Wong
2684,Christine Garnier
2685,Amy Ogata
2686,Vittoria Di Palma
2687,Camae Dennis
2688,Scott Spencer
2689,Ben Levine
2690,Erica Camisa Morale
2691,Enrique Martinez Celaya
2692,Zlatan Damnjanovic
2693,Corrine Collins
2694,Reuven Firestone
2695,Candice Levy
2696,Percival Everett
2697,Kristine Garroway
2698,Steven Gonzalez
2699,Matthew Keller
2700,Colleen McQuillen
2701,Devon Harlow
2702,Daniel Tiffany
2703,Andrew Stott
2704,Joshua Garroway
2705,Dana Johnson
2706,Cori Tucker-Price
2707,Adam Spanos
2708,Luisa Reis Castro
2709,Cody Brown
2710,Kalyani Jayasankar
2711,Daniela Levy
2712,Meredith Hall
2713,Oscar Pedraza Vargas
2714,Jessica Kanoski
2715,Najmedin Meshkati
2716,Emma Aguila Vega
2717,Isaac Blacksin
2718,Camille Dieterle
2719,Richard Watanabe
2720,Kate Crowley
2721,Brendesha Tynes
2722,Santina Contreras
2723,James Boedicker
2724,Reed Blaylock
2725,Min-Kyoung Rhee
2726,Michael Jakowec
2727,Tom Jordan
2728,Reena Joubert
2729,Gary Rosen
2730,Alexis Wellwood
2731,Tara Mastro
2732,Ed Schneider
2733,Paul Nash
2734,Elizabeth Avent
2735,Julie Bates
2736,Carin Kreutzer
2737,Teal Eich
2738,Mekiayla Singleton
2739,Deborah Fui-Yuen Hoe
2740,John Walsh
2741,Duke Han
2742,Anna Quyen Nguyen
2743,Andrei Irimia
2744,Susan Enguidanos
2745,Mara Mather
2746,Valter Longo
2747,Caroline Cicero
2748,James Biggs
2749,Joshua Johnson
2750,Marc Vermulst
2751,Ryo Sanabria
2752,Berenice Benayoun
2753,Elizabeth Zelinski
2754,Mireille Jacobson
2755,Kate Wilber
2756,Julia Walsh
2757,Roberto Vicinanza
2758,Karlton Wong
2759,DeWayne Mc Mullin
2760,Sarah Dhillon
2761,Christian Pike
2762,Changhan Lee
2763,Birgit Schilling
2764,Eileen Crimmins
2765,Melissa Granados
2766,Joseph Darrow
2767,Madeline Goossen
2768,Lukas Huldi
2769,Franita Tolson
2770,Peter Johnson
2771,Donald Scotten
2772,Neil Desai
2773,Jean Reisz
2774,Robert Rasmussen
2775,Zsofia Szojka
2776,Stephen Rich
2777,Felipe Jimenez
2778,Ben Meiselas
2779,Michael Chasalow
2780,Gregory Pleasants
2781,Daria Roithmayr
2782,Jeff Rodgers
2783,James Curtis
2784,Roxana Guidero
2785,Marcela Prieto Rudolphy
2786,Jody Armour
2787,Emily Ryo
2788,Mona Shah
2789,Clare Pastore
2790,Nicole Webster
2791,Dan Klerman
2792,Scott Altman
2793,Lee Epstein
2794,Rebecca Brown
2795,David Cruz
2796,John Miller
2797,Tammy Hong
2798,Lee Marshall
2799,Deborah Weiss
2800,Cristina Legaspi
2801,Robert Lu
2802,Brianna Howard
2803,Elizabeth Carroll
2804,John Heilman
2805,Ben Barnett
2806,Douglas Smith
2807,Christopher White
2808,Andrew Hoag
2809,William Enger
2810,Jason Liang
2811,Christopher Butler
2812,Michael Karagozian
2813,Brian Peck
2814,Preston Ascherin
2815,Sarah Gruzas
2816,Jordan Barry
2817,Sue Wright
2818,Rupa Goswami
2819,Michael Simkovic
2820,Robert Webster
2821,Erin Prouty
2822,Brian Hoffstadt
2823,Benny Osorio
2824,Peter Borenstein
2825,Abby Wood
2826,Ekaterini Yannaca
2827,Daniel Guggenheim
2828,Lisa Klerman
2829,Bryan Smith
2830,Jibit Cinar
2831,Joseph Latham
2832,Adam Weissburg
2833,Ava Amini
2834,Andrew Kaufman
2835,Caroline Vranca
2836,Robin Craig
2837,Eileen Decker
2838,Luke Sisak
2839,Joe Anderson
2840,Mark Lee
2841,Jennifer Hernandez
2842,Mark Easton
2843,Richard Strulson
2844,Rami Yanni
2845,Rebecca Lonergan
2846,James Nikraftar
2847,Bill Chang
2848,Ankit Shah
2849,Angel Diaz
2850,Camille Gear Rich
2851,Ashley Rosenthal
2852,Adam Liptak
2853,Katherine Imp
2854,Paul Levine
2855,Daniel Tepstein
2856,Tom Lyon
2857,Lance Spiegel
2858,Sofia Gruskin
2859,Nicolai Schwarz-Gondek
2860,Christine Min
2861,Mehdi Sinaki
2862,Clara Martin
2863,Bob Hagle
2864,Michael Roster
2865,Chinwe Ohanele
2866,Brent Peterson
2867,Sean Galliher
2868,Ariela Gross
2869,Mugambi Jouet
2870,Kenneth Swenson
2871,Michael Jenkins
2872,Julie Werner-Simon
2873,Thomas Zaccaro
2874,Steve Bodmer
2875,Seth Stodder
2876,Roman Melnik
2877,Jeffrey Pearlman
2878,Cuauhtemoc Ortega
2879,Elisabeth Freinberg
2880,Yaphett Powell
2881,Elyn Saks
2882,Nomi Stolzenberg
2883,Greg Keating
2884,Richard Friedman
2885,Emio Zizza
2886,Niels Frenzen
2887,Oren Lund
2888,William Voxman
2889,Ronald Sarian
2890,Dorothy Lund
2891,Barbara Siegel
2892,Harvey Friedman
2893,Justin Hoyt
2894,Aya Ichida
2895,Roger Schroeder
2896,Nathan O' Malley
2897,Phyllis Pollack
2898,Carol Alexis Chen
2899,Gary Ross
2900,Mohan Nadig
2901,Jason Marsili
2902,David Lash
2903,Dwight Stirling
2904,Ross Kay
2905,Marc Brown
2906,Stephan Ray
2907,Henna Pithia
2908,Karinya Verghese
2909,Charles Donovan
2910,Deepika Sharma
2911,Heidi Rummel
2912,Robert Fairbank
2913,Nicholas Raichart
2914,Marilyn Mordetzky
2915,Erin Miller
2916,Brett Meyerhoff
2917,Anitha Cadambi
2918,Mike Brennan
2919,Jerry Gates
2920,Julie Nyquist
2921,Terry Church
2922,Addison Kemp
2923,Kristian Carlson
2924,Adam Huttenlocker
2925,Rayudu Gopalakrishna
2926,Ignacio Diaz
2927,Joshua Carr
2928,Jeffrey Darna
2929,Jennifer Hogan
2930,Teresa Norris
2931,Erica McCall
2932,Elizabeth Bamgbose
2933,Judd Rice
2934,Sita Reddy
2935,Josh Neman-Ebrahim
2936,Luciano Nocera
2937,Aaron Nagiel
2938,Ram Subramanyan
2939,Nadia Sellami
2940,Ricardo Cortez
2941,Francesca Mariani
2942,Nils Lindstrom
2943,Gage Crump
2944,Chun Nok Lam
2945,Rose Park
2946,David Black
2947,Ashley Bennett
2948,Khandaker Islam
2949,Sue Ingles
2950,Bruce Burkemper
2951,Heather Wipfli
2952,Leslie Clark
2953,Panayiota Courelli
2954,Megan Herting
2955,Steven Sussman
2956,Pari Mokhtari
2957,Ans Irfan
2958,Jenny Yu
2959,Claradina Soto
2960,Allyn Auslander
2961,Rita Burke
2962,Keigo Machida
2963,Yves Declerck
2964,Michele King
2965,Andrew Stolz
2966,W. Martin Kast
2967,Ite Offringa
2968,Joyce Perez
2969,Brian Lee
2970,Ralf Langen
2971,Jonathan Chou
2972,Kairos Llobrera
2973,Edgar Rivera Colon
2974,Kevin Nash
2975,David Diller
2976,Ron Ben-Ari
2977,Emily Rose
2978,Cheryl Lew
2979,Susie Kim
2980,Janak Chandrasoma
2981,Dennis Green
2982,Lakshmanan Sathyavagiswaran
2983,Ramen Chmait
2984,Michael Mulick
2985,Danica Liberman
2986,Mia Kanak
2987,Aninda Das
2988,Gitanjli Arora
2989,Maryam Farzanegan
2990,Noah Wald-Dickler
2991,Kusha Davar
2992,Mansour Rostami
2993,Benjamin La Brot
2994,Roger Clemens
2995,Kim Turner
2996,Navid Pour-Ghasemi
2997,Weiming Yuan
2998,Hayoun Lee
2999,Axel Schonthal
3000,Harvey Kaslow
3001,Yonggang Shi
3002,Michael Bienkowski
3003,Meredith Braskie
3004,Leon Aksman
3005,Lauren Salminen
3006,Jennifer Shubin
3007,Barbara Moore
3008,Michelle Llamas
3009,Steven Richeimer
3010,Michael Press
3011,Michelle Dexter
3012,Randa Hamden
3013,Anupreet Sidhu
3014,Lucia Florindez
3015,Patricia Escobedo
3016,Daniel Soto
3017,Andrea Weitz
3018,Sue Kim
3019,Almaas Shaikh
3020,Brandy Chappell
3021,Kirsten Eom
3022,Kimberly Siegmund
3023,Sandy Lopez Najera
3024,Ming Li
3025,Steven Gazal
3026,Paul Marjoram
3027,Lingyun Ji
3028,Arthur Li
3029,Farzana Choudhury
3030,Michelle Nuno
3031,Myles Cockburn
3032,Ahmad Besaratinia
3033,Fei Chen
3034,Purva Jain
3035,Donald Barkauskas
3036,Dayoung Bae
3037,Albert Farias
3038,Wendy Mack
3039,Joyce Javier
3040,Nicholas Mancuso
3041,Taylor Burkholder
3042,Juan Pablo Lewinger
3043,Todd Alonzo
3044,Kelika Konda
3045,Robert Garcia
3046,Nicki Karimipour
3047,Olivier Pernet
3048,Matthew Zahn
3049,Roksana Karim
3050,Sharon Hudson
3051,Joseph Wiemels
3052,Thomas Valente
3053,Jennifer Tsui
3054,Unmesh Jadhav
3055,Adam de Smith
3056,Kimberly Miller
3057,Britni Belcher
3058,Michele Nicolo
3059,Shubha Kumar
3060,Brittnie Bloom
3061,Zhanghua Chen
3062,Mariam Davtyan
3063,Rachel Ceasar
3064,Jennifer Unger
3065,Amie Hwang
3066,Jane Steinberg
3067,Susanne Hempel
3068,Erika Garcia
3069,Carrie Breton
3070,Chun Li
3071,Elizabeth Burner
3072,Raina Pang
3073,Claire Norman
3074,Jennifer Wegler
3075,Alberto Vallejo
3076,Janice Tramel
3077,Julie Barron
3078,David Craig
3079,Enrique Velazquez Villarreal
3080,Carol Lin
3081,Ron King
3082,Llewellyn Cox
3083,Kenneth Foster
3084,Angelica Cortez
3085,Michael Smith
3086,Charles Gutierrez
3087,Sean Holt
3088,Hunter Long
3089,Benjamin Taylor
3090,Brian Malouf
3091,Eric N. Pham
3092,Rick Schmunk
3093,Christian Amonson
3094,Douglas Petty
3095,Timo Preece
3096,Jae Deal
3097,Tram Sparks
3098,Nick Strimple
3099,Rotem Gilbert
3100,William Coppola
3101,Susan Helfter
3102,Christopher Sampson
3103,Candice Mattio
3104,Beatriz Ilari
3105,Cristian Grases
3106,Ashlin Hunter
3107,Mark Weiser
3108,Dan Caputo
3109,Juan-Pablo Contreras
3110,Daniel Allas
3111,Ryan McWilliams
3112,Sara Ballance
3113,Chris Roze
3114,Brian Head
3115,Nicolas Benavides
3116,Ted Hearne
3117,Neal Desby
3118,Donald Crockett
3119,Nina Young
3120,Frank Ticheli
3121,Larry Livingston
3122,Stevie Hirner
3123,Troy Quinn
3124,Sharon Lavery
3125,Jacob Vogel
3126,Sara Gazarek
3127,Collin Boothby
3128,Connor Scott
3129,Ali Hodges
3130,Ken Cazan
3131,Joel Timm
3132,Scott Tennant
3133,Nick Stoubis
3134,Seth Woods
3135,Lina Bahn
3136,Alan Smith
3137,Aaron Serfaty
3138,Bob Mintzer
3139,Jon Hatamiya
3140,Lisa Sylvester
3141,Daniel Lincoln
3142,Adam Gilbert
3143,Leah Morrison
3144,Andrew Justice
3145,Leon Garcia Corona
3146,Lisa Vest
3147,Jonathan Gomez
3148,Nathaniel Sloan
3149,Andrae Alexander
3150,Michael Garcia
3151,Loren Medina
3152,Jane Davidson
3153,Todd Brabec
3154,Andrew Leff
3155,Kevin Lyman
3156,Michael Kaminsky
3157,Jonathan Azu
3158,Cynthia Tucker
3159,Jeremy Gruber
3160,Richard Wolf
3161,Sophie Reeves
3162,Alex Nickson
3163,David Arnay
3164,Darek Oleszkiewicz
3165,Peter Erskine
3166,Alan Pasqua
3167,Vincent Mendoza
3168,Ron Mc Curdy
3169,Richard Smith
3170,Molly Miller
3171,Frank Potenza
3172,Stephen Pierce
3173,Ladd Thomas
3174,Sung-Hwa Park
3175,Bernadene Blaha
3176,Ian Pritchard
3177,Stewart Gordon
3178,Jeffrey Kahane
3179,Kevin Fitz-Gerald
3180,Patrice Rushen
3181,Paul Jackson Jr.
3182,Timothy Kobza
3183,Jeffrey Allen
3184,Michael Arrom
3185,Adriana Balic
3186,Ginny Luke
3187,Steve Trovato
3188,Joann Turovsky
3189,Lynn Helding
3190,Lyndia Johnson
3191,Brent McMunn
3192,Karen Parks
3193,Jeremy Frank
3194,Shawn Mouser
3195,Catherine Karoly
3196,Julie Landsman
3197,Joseph Pereira
3198,Jessica Maxfield
3199,Terry Cravens
3200,James Self
3201,Yehuda Gilad
3202,Jennifer Marotta
3203,Sean Nye
3204,Haleigh Bowers
3205,David Poe
3206,Joanna Demers
3207,William Kanengiser
3208,Tim Greiving
3209,Jeanine Cowen
3210,Garry Schyman
3211,Robert Young
3212,Pete Anthony
3213,Patrick Kirst
3214,Jon Burlingame
3215,Allegra De souza
3216,Michelle Zappas
3217,Janett Hildebrand
3218,Cynthia Sanchez
3219,Jennifer Tran
3220,Latesha Reed
3221,Tracie Kirkland
3222,Kathleen Woodruff
3223,Benita Walton-Moss
3224,Beth Haney
3225,Greedley Harris
3226,Diego Lopez
3227,Ashley Uyeshiro
3228,Gabriel Cravens
3229,Kathryn Havens
3230,Carly Roberts
3231,Kimberly Morris
3232,Elinor Taylor
3233,Deborah Pitts
3234,Jane Baumgarten
3235,Tessa Milman
3236,Elena Meng
3237,Guy Reavis
3238,Samia Rafeedie
3239,Lisa Aziz-Zadeh
3240,Jesus Diaz
3241,Lawrence Stevenson
3242,Emily Sopkin
3243,Julia Lisle
3244,Ashley Halle
3245,Pam Roberts
3246,Arameh Anvarizadeh
3247,Jamie Wilcox
3248,Emily Ochi
3249,Rebecca Aldrich
3250,Karrie Kingsley
3251,Linsey Grunes
3252,Mona Chung
3253,Marilyn Thompson
3254,Janet Gunter
3255,Celso Delgado Jr
3256,Jenna Kobara
3257,Joan Surfus
3258,Colin Lenington
3259,Marissa Marchioni
3260,Lisa Deshaies
3261,Miri Lee
3262,Allison Chu
3263,Bari Turetzky
3264,Freddi Segal-Gidan
3265,Sook-Lei Liew
3266,Julie McLaughlin Gray
3267,Yiyang Fang
3268,Sharon Cermak
3269,Stacey Schepens Niemiec
3270,Roberta Pineda
3271,Michael Mcnulty
3272,Susan Bowles
3273,Amber Angell
3274,Shawn Roll
3275,Sarah Bream
3276,Miranda Donnelly
3277,Rebecca Cunningham
3278,Chantelle Rice
3279,Lindsey Shomer
3280,Nora Dixon
3281,Kimberly Lenington
3282,Janis Yue
3283,Tracy Jalaba
3284,Ken Wong
3285,John Stofko
3286,Daryl Davies
3287,Nancy Pire-Smerkanich
3288,Tien Ng
3289,Stan Louie
3290,Daniel Tomaszewski
3291,Cody Arbuckle
3292,Roger Duncan
3293,Eunjoo Pacifici
3294,Martine Culty
3295,Frances Richmond
3296,Clay Wang
3297,Angel P Tabancay Jr
3298,Brian Ma
3299,Richard Dang
3300,Allison Chacon
3301,Lisa Goldstone
3302,Rebecca Romero
3303,Scott Mosley
3304,Maryann Wu
3305,Kari Franson
3306,Michelle Chu
3307,Houda Alachkar
3308,Patrick Tabon
3309,Edith Mirzaian
3310,Cynthia Lieu
3311,Katerina Urasova
3312,Rory Kim
3313,Carla Blieden
3314,Raffi Svadjian
3315,Kevin Forrester
3316,Tatyana Gurvich
3317,Charles Stark
3318,Vinson Lee
3319,Ying Wang
3320,Maddalena Ferranna
3321,Yuna Bae-Shaaw
3322,Darius Lakdawalla
3323,Seth Seabury
3324,John Romley
3325,Yong Zhang
3326,Noam Morningstar-Kywi
3327,Curtis Okamoto
3328,Meredith Smith
3329,Hovhannes Gukasyan
3330,E. Todd Schroeder
3331,Nina Bradley
3332,Jim Gordon
3333,Russell Johnson
3334,Susan Sigward
3335,Nicolas Schweighofer
3336,Barbara Sargent
3337,Noriko Yamaguchi
3338,Claire Nguyen
3339,Samuel Franklin
3340,Julie Hershberg
3341,Kornelia Kulig
3342,Julie Tilson
3343,Jennifer Penn
3344,Oscar Gallardo
3345,Patrick Huang
3346,Eric Robertson
3347,Kristan Leech
3348,Carly Lochala
3349,Pamela Mikkelsen
3350,Beth Fisher
3351,Didi Matthews
3352,Elizabeth Ruckert
3353,Rob Landel
3354,Danielle Long
3355,Jessica Rancour
3356,Valerie Teglia
3357,Michael Andersen
3358,Kelsie Kaiser
3359,Ginelle Amormino
3360,Amy Pomrantz
3361,Mark Burley
3362,Lisa Ozaeta
3363,Paul Ginsburg
3364,Michael Harris
3365,Stanley Augustine
3366,Gary Blackard
3367,Joann Marquez
3368,Lars Harding
3369,David Monk
3370,John K Ugoretz
3371,Paul Prioleau
3372,Jack Tribolet
3373,Samuel Galli
3374,Andrew Bates
3375,Gilbert Juarez
3376,Alison Holt
3377,Danyao Li
3378,William Resh
3379,Dowell Myers
3380,Genevieve Giuliano
3381,Elizabeth Currid-Halkett
3382,Lavonna Lewis
3383,Maria Romero-Morales
3384,Lauren Opgenorth
3385,Mark Phillips
3386,Julie Zissimopoulos
3387,Frank Zerunyan
3388,Howard Greenwald
3389,Genevieve Kanter
3390,Glenn Melnick
3391,Michael Thom
3392,Zissis Marmarelis
3393,Alexandra Graddy-Reed
3394,Grace Bahng
3395,Annette Kim
3396,David Sloane
3397,Deborah Natoli
3398,Baqhar Syed
3399,Rym Kaki
3400,Justine Johnson
3401,Pedro Spindler-Ruiz
3402,Todd Gish
3403,Donald Spivack
3404,Beth Zollars
3405,Nicolas Duquette
3406,Samantha Malisos
3407,Wandi Bruine de Bruin
3408,Ke Ye
3409,Antonio Bento
3410,Joshua Russell-Fritch
3411,Cheng-Yi Lin
3412,Gentian Droboniku
3413,John Calanni
3414,Samuel King
3415,Norris Gunby
3416,Sean Johnson
3417,Michael Low
3418,Jevay Grooms
3419,Rosalie Pacula
3420,Philip Dalton
3421,Michael Nichol
3422,Marlon Boarnet
3423,Elizabeth Falletta
3424,Nicole Kuklok-Waldman
3425,Kelly Rawlings
3426,Bill Kelly
3427,Mark Alvarado
3428,Sohaela Amiri
3429,William Leach
3430,Valerie Savior
3431,Thomas Eng
3432,Dominic Alletto
3433,Paul Danczyk
3434,Donald Morgan
3435,Peter Robertson
3436,Nicole Esparza
3437,Lois Takahashi
3438,Tara Blanc
3439,Dora Kingsley Vertenten
3440,Grace Nadel
3441,Jeffery Jenkins
3442,Gayla Kraetsch-Hartsough
3443,Mindy Romero
3444,Matthew Wheeler
3445,T.J. Mccarthy
3446,Juliet Musso
3447,Vikram Jadhav
3448,Geoff Boeing
3449,Elizabeth Graddy
3450,Denny Hooten
3451,Victor Pena
3452,Woodie Tescher
3453,Ben Feingold
3454,Kevin Wronske
3455,Emily Finkel
3456,Deepak Bahl
3457,Lia Soorenian
3458,Ryan Kucinski
3459,Bonnie Shrewsbury
3460,Carl Alameda
3461,Laura Wittcoff
3462,Eric Alegria
3463,Christine Beckman
3464,Ellen Rudy
3465,David Wolvek
3466,Trent Lim
3467,Elizabeth Crosson
3468,Rachel Reed
3469,John Drake
3470,Alisa Orduna
3471,Jonathan Schweig
3472,Michael Orosz
3473,Claire Peeps
3474,Lorri Grubaugh
3475,Sherry Okun-Rudnak
3476,Clifford Graves
3477,Allen Prohofsky
3478,Andrzej Rutkowski
3479,Michael Woo
3480,Jason Neville
3481,Mark Zikakis
3482,Sonia Savoulian
3483,Garland Fuller
3484,Julia Toothacre
3485,Silvia Saucedo
3486,Mary Lynne Boorn
3487,Moussa Diop
3488,Aleks Baharlo
3489,Bret Nielsen
3490,Cara Mullio
3491,Naomi Neville
3492,Zerik Scales
3493,Matthew Stewart
3494,Nate Munson
3495,Spencer Couts
3496,Richard Green
3497,Joel Bryant
3498,Terri Dickerhoff
3499,Ehud Mouchly
3500,Christian Redfearn
3501,Iain Gulin
3502,Pablo Clarke
3503,Ronald Nestor
3504,Douglas Pearl
3505,Mott Smith
3506,Van Scott
3507,Christopher Payne
3508,Jeffrey Kreshek
3509,B.K. Elizabeth Kim
3510,Raymundo Zacarias
3511,Alison Greene
3512,Michal Sela-Amit
3513,Iris Gonzalez
3514,Dorothy Nieto manzer
3515,Rosamaria Alamo
3516,Samuel Mistrano
3517,Stephen Gratwick
3518,Evangelina Reina
3519,John Clapp
3520,Shinyi Wu
3521,Carl Castro
3522,Jenebah Lewis
3523,Steve Hydon
3524,Vivien Villaverde
3525,Aimee Odette
3526,John Blosnich
3527,Benjamin Henwood
3528,Jordan Davis
3529,Jungeun Olivia Lee
3530,Alison Cole-Kelly
3531,Kelley Macmillan
3532,Audrey Shelby
3533,Christina Paddock
3534,Rafael Angulo
3535,Jessica Castillo
3536,Matthew Harwood
3537,Umeka Franklin
3538,Juan Araque
3539,Lindsay Krygier
3540,Mara Ziegler
3541,Dorian Traube
3542,Dawn Joosten-Hagye
3543,Concepcion Barrio
3544,Laura Gale
3545,Lavit Maas
3546,Brittaney Dennis
3547,Dan Field
3548,Sam Tsemberis
3549,Lily Ross
3550,Melissa Essman
3551,Carlos Moran
3552,Sara Mcsweyn
3553,Breea Charles
3554,Jessenia De Leon
3555,Peggy Stewart
3556,Samih Samaha
3557,Elsa Garcia-Sanda
3558,Holly Sotelo
3559,Ricardo Ornelas
3560,Lisa Kabot
3561,Kim Goodman
3562,Debra Waters-Roman
3563,Margarita Artavia
3564,Karen Tinsley
3565,Eric Rice
3566,Suzanne Wenzel
3567,Yi-Hsuan Tung
3568,Laura Petry
3569,Tessa Waterbury Wallace
3570,Tyan Parker Dominguez
3571,David Bringhurst
3572,Estela Andujo
3573,Rocio Terry
3574,Jane James
3575,Trang Hoang
3576,Sara Schwartz
3577,Devon Brooks
3578,Jose Reyes Hurtado
3579,Jennifer Parga
3580,Jill Davis
3581,Susan Hess
3582,Lisa Wobbe-Veit
3583,Ruth Cislowski
3584,Phil Meyer
3585,Renee Michelsen
3586,Karen Green
3587,Louis Heit
3588,Tina Fietsam
3589,Kerry Doyle
3590,Jacquelyn Williams Brooks
3591,Azure Darby
3592,Cynthia Rollo-Carlson
3593,Ann Marie Yamada
3594,Marco Formigoni
3595,Tosha Sweet
3596,Meggan Thompson
3597,Scott Darrell
3598,Karra Bikson
3599,Melissa Singh
3600,Kim Finney
3601,Sarah Caliboso Soto
3602,Claudia Rodriguez
3603,Michael Rank
3604,Annalisa Enrile
3605,Melissa Martin-Mollard
3606,Hans Oh
3607,Heidi Schnell-Cisneros
3608,Elizabeth Swart
3609,Char Scott
3610,Pam Franzwa
3611,Rebecca Rasmussen
3612,Cherie Hudson
3613,Sofia Martinez
3614,Harry Hunter
3615,Loc Nguyen
3616,Cassandra Fatouros
3617,Renee Smith-Maddox
3618,Richard Newmyer
3619,Ronald Manderscheid
3620,June Wiley
